alpha2;year;p2;ahweal992j;ahwnfa992j;ahwhou992j;ahwbus992j;ahwfin992j;ahwfix992j;ahwcud992j;ahwbol992j;ahwequ992j;ahwpen992j;ahwdeb992j;ahwfie992j
"FR";1970;"p0p10";2812.162;1.1446404;.39170729;.75293312;2811.083;2804.9779;2801.3383;3.6396674;2.3127631;3.792327;.06561427;9.744758
"FR";1971;"p0p10";2950.759;1.0394404;.37727067;.66216972;2949.7839;2944.5721;2940.9307;3.6414238;1.8962246;3.3155508;.06469956;8.853199
"FR";1972;"p0p10";3108.372;.94604945;.35851135;.5875381;3107.4923;3102.8928;3099.2367;3.6560647;1.8631276;2.7364375;.06624023;8.255629
"FR";1973;"p0p10";3216.164;.8463572;.34240812;.50394908;3215.3841;3211.3215;3207.7507;3.5708046;2.0061399;2.0564414;.06664536;7.633386
"FR";1974;"p0p10";3192.541;.73996933;.3309594;.40900992;3191.8613;3189.0139;3185.6143;3.3995346;1.5805122;1.2669601;.0607964;6.247007
"FR";1975;"p0p10";3155.525;.61406567;.30111983;.31294584;3154.9632;3153.2615;3150.0696;3.1918607;1.2539841;.44775091;.05271013;4.893596
"FR";1976;"p0p10";3372.993;.65988838;.26538006;.39450832;3372.3807;3368.9241;3364.7309;4.1932147;1.5699254;1.8866255;.04729291;7.649766
"FR";1977;"p0p10";3612.515;.70465672;.22758984;.47706688;3611.8516;3606.4966;3601.1649;5.331778;1.6788108;3.6761129;.04154564;10.6867
"FR";1978;"p0p10";3784.648;.75680101;.19040383;.56639718;3783.9228;3776.3164;3769.448;6.8683871;1.9623407;5.6441214;.03113184;14.47485
"FR";1979;"p0p10";3934.807;.80063812;.14342333;.6572148;3934.0287;3924.3013;3915.6388;8.6625337;2.301973;7.4253585;.0219104;18.38987
"FR";1980;"p0p10";3887.068;.87718965;.13166199;.74552766;3886.2117;3877.9315;3868.9552;8.976337;2.1876987;6.0925163;.02095632;17.25655
"FR";1981;"p0p10";3874.474;.92990111;.11702684;.81287427;3873.5628;3866.9128;3858.2962;8.6166042;1.9330571;4.7169088;.01858053;15.26657
"FR";1982;"p0p10";3945.035;.96361162;.09848872;.86512289;3944.0874;3939.0547;3930.9072;8.1475209;1.7727153;3.2599801;.01612446;13.18022
"FR";1983;"p0p10";4016.148;1.0099401;.08014029;.92979985;4015.1519;4011.1156;4003.3459;7.7696962;2.2427425;1.7935794;.0137403;11.80602
"FR";1984;"p0p10";4048.522;1.0423842;.06190076;.98048345;4047.4911;4044.2924;4036.7738;7.5186568;3.0187114;.17993834;.01129522;10.71731
"FR";1985;"p0p10";4071.261;2.1214085;.04768161;2.0737269;4069.1491;4061.377;4049.8352;11.541792;5.5057657;2.2663404;.00929593;19.3139
"FR";1986;"p0p10";4066.439;3.0576767;.03317328;3.0245035;4063.3882;4048.3087;4033.2004;15.108292;10.211729;4.867784;.00659539;30.18781
"FR";1987;"p0p10";4146.579;3.9624679;.01892842;3.9435395;4142.6198;4120.3486;4101.119;19.229686;13.967403;8.3037874;.0038959;41.50088
"FR";1988;"p0p10";4200.573;4.7461424;.00377575;4.7423667;4195.8275;4164.7807;4141.3324;23.448238;18.32117;12.725638;.0008124;54.49504
"FR";1989;"p0p10";3879.621;2.6468779;.00836111;2.6385168;3876.9764;3855.9125;3842.611;13.301474;13.484465;7.5794358;.00185195;34.36537
"FR";1990;"p0p10";3499.744;.66850349;.01337385;.65512964;3499.0789;3496.022;3492.8891;3.1329243;3.0568972;0;.00302271;6.189822
"FR";1991;"p0p10";3025.118;0;0;0;3025.1183;3024.3484;3023.2727;1.0756726;.76994602;0;0;1.845619
"FR";1992;"p0p10";2996.367;3.1797951;2.5475813;.63221377;2993.8147;2993.0151;2992.4074;.60764924;.79964546;0;.62705854;1.407295
"FR";1993;"p0p10";2856.512;49.283042;49.028766;.25427587;2856.2679;2854.3504;2854.3496;.00084296;1.9174488;0;49.039163;1.918292
"FR";1994;"p0p10";2682.378;15.663031;15.631695;.03133679;2681.6699;2680.69;2678.9615;1.7285176;.97987607;0;14.954673;2.708394
"FR";1995;"p0p10";2728.989;21.211759;21.108167;.10359271;2728.8663;2728.7129;2728.4736;.2393006;.15338844;0;21.089318;.392689
"FR";1996;"p0p10";2721.163;4.4107921;4.0421688;.36862327;2720.7824;2720.781;2720.6873;.09366643;.00136568;0;4.0298278;.0950321
"FR";1997;"p0p10";2735.616;87.382489;86.754227;.62826198;2730.1339;2730.1339;2730.0463;.08762369;.00003327;0;81.90049;.087657
"FR";1998;"p0p10";2876.145;110.6913;110.54303;.14826595;2871.0725;2871.0719;2870.9944;.07750298;.00065528;0;105.61892;.0781583
"FR";1999;"p0p10";3012.775;.7625118;.48910567;.27340614;3012.1549;3012.133;3012.0771;.05596045;.02186978;0;.14269383;.0778302
"FR";2000;"p0p10";2879.832;.73571479;.63562893;.10008585;2879.2736;2879.227;2879.1898;.03713013;.04667898;0;.17772785;.0838091
"FR";2001;"p0p10";2963.361;2.2277988;2.038449;.18934985;2962.5942;2962.505;2962.3948;.11021463;.08922909;0;1.4613232;.1994437
"FR";2002;"p0p10";3010.812;59.624668;59.190839;.43382871;3008.8374;3008.1056;3007.3772;.72835551;.73187042;0;57.650415;1.460226
"FR";2003;"p0p10";3030.312;62.803839;62.585592;.2182465;3029.8568;3029.0094;3028.6158;.3935593;.84735132;0;62.348255;1.240911
"FR";2004;"p0p10";3137.963;65.711366;65.381463;.32990266;3137.5442;3134.1509;3133.062;1.0889071;1.551446;1.8418096;65.292581;4.482162
"FR";2005;"p0p10";3387.51;.6910788;.34808109;.3429977;3386.8887;3386.5284;3386.4287;.09966741;.36035099;0;.06945217;.4600184
"FR";2006;"p0p10";3383.224;.74716949;.31765828;.42951121;3382.5385;3382.4331;3382.2312;.20183599;.10546485;0;.06148866;.3073009
"FR";2007;"p0p10";3222.708;1.1546777;.62922988;.52544783;3221.6748;3221.5806;3221.4403;.14026526;.09422005;0;.12175883;.2344853
"FR";2008;"p0p10";2893.894;1.0983874;.68197925;.41640814;2892.9337;2892.7247;2892.2722;.4524838;.2090673;0;.13829883;.6615511
"FR";2009;"p0p10";2493.334;1.062109;.33848053;.72362843;2492.3462;2492.3236;2492.3065;.01705804;.02262708;0;.0738063;.0396851
"FR";2010;"p0p10";1860.999;.36873804;.14778498;.22095306;1860.6629;1857.6026;1857.5843;.01833309;.01630791;3.0439811;.03269481;3.078622
"FR";2011;"p0p10";1983.385;.57296946;.21481806;.3581514;1982.858;1974.1886;1974.1725;.01606385;.01935587;8.6501226;.04624867;8.685543
"FR";2012;"p0p10";2058.019;.71612108;.04475931;.67136177;2057.3126;2049.5124;2049.4902;.02216114;.01698071;7.7832638;.00938803;7.822405
"FR";2013;"p0p10";2096.873;.67873294;.04406458;.63466836;2096.2037;2088.2582;2088.2371;.02108008;.01832803;7.9271628;.00915079;7.966571
"FR";2014;"p0p10";2109.711;.64786741;.0433;.60456741;2109.0727;2100.933;2100.9114;.02159821;.01895832;8.120766;.0091764;8.161323
"FR";1970;"p10p20";4724.701;7.0284708;3.2583575;3.7701133;4718.2183;4645.486;4637.6605;7.8254925;4.9725725;67.759798;.54580232;80.55786
"FR";1971;"p10p20";5031.964;7.3858924;3.0982872;4.2876052;5025.1097;4914.4928;4902.2913;12.201558;6.3538041;104.26305;.53133683;122.8184
"FR";1972;"p10p20";5380.416;7.8350152;2.8979725;4.9370427;5373.1157;5220.3222;5203.3335;16.988692;8.6574235;144.13608;.53544294;169.7822
"FR";1973;"p10p20";5653.689;8.2800648;2.712846;5.5672188;5645.9372;5447.6147;5426.0124;21.602316;12.136556;186.18594;.52802075;219.9248
"FR";1974;"p10p20";5701.389;8.6478119;2.5542554;6.0935566;5693.2099;5456.7133;5430.9667;25.746614;11.97012;224.52646;.46921022;262.2432
"FR";1975;"p10p20";5723.048;8.8225309;2.2422621;6.5802687;5714.6184;5444.1106;5414.6349;29.475659;11.580082;258.92767;.39250135;299.9834
"FR";1976;"p10p20";6098.844;7.7820016;2.1003784;5.6816231;6091.4362;5848.2072;5820.238;27.96915;10.471556;232.75745;.37430469;271.1982
"FR";1977;"p10p20";6532.654;6.7558766;1.9586429;4.7972337;6526.2558;6294.142;6266.9584;27.183628;8.5592777;223.55452;.35754267;259.2974
"FR";1978;"p10p20";6841.95;5.8090805;1.852679;3.9564016;6836.4438;6625.6042;6597.8798;27.724427;7.9210405;202.91854;.30292095;238.564
"FR";1979;"p10p20";7100.135;4.7930276;1.7037141;3.0893135;7095.6019;6920.2286;6891.8934;28.335204;7.5297685;167.84359;.26027182;203.7086
"FR";1980;"p10p20";7027.813;5.255872;1.7862997;3.4695723;7022.8884;6832.1539;6798.2043;33.949604;8.274144;182.46036;.33136944;224.6841
"FR";1981;"p10p20";7016.902;5.6029503;1.8485959;3.7543544;7011.689;6805.0973;6767.8959;37.201425;8.3458025;198.24593;.3901911;243.7932
"FR";1982;"p10p20";7151.028;5.8308735;1.8589901;3.9718834;7145.6508;6923.1219;6883.3731;39.748733;8.6484208;213.88047;.45398878;262.2776
"FR";1983;"p10p20";7295.124;6.1239326;1.8756174;4.2483152;7289.5306;7040.4956;6998.0131;42.482419;12.262658;236.77239;.53119692;291.5175
"FR";1984;"p10p20";7385.728;6.3589083;1.8967483;4.46216;7379.9965;7089.8048;7044.0405;45.764346;18.374207;271.81746;.62782825;335.956
"FR";1985;"p10p20";7373.003;11.049493;4.6309145;6.418579;7364.4672;7080.6979;7032.984;47.71388;27.903933;255.86538;2.5139242;331.4832
"FR";1986;"p10p20";7309.818;15.552742;7.4385179;8.1142236;7298.7352;7019.0851;6970.5112;48.573878;45.245497;234.40465;4.4698842;328.224
"FR";1987;"p10p20";7384.311;20.488116;10.676397;9.8117194;7370.6236;7105.4184;7053.8681;51.55023;55.789989;209.4152;6.8013797;316.7554
"FR";1988;"p10p20";7398.158;25.528528;14.26735;11.261178;7382.3695;7143.4683;7088.8005;54.667717;67.361837;171.53938;9.7395582;293.5689
"FR";1989;"p10p20";7248.901;43.664156;36.270397;7.393759;7232.6984;6970.8902;6932.3227;38.567452;63.536476;198.27173;27.461781;300.3756
"FR";1990;"p10p20";6983.164;63.918683;60.104382;3.8143002;6966.7329;6702.5616;6680.291;22.270628;39.781052;224.39024;47.488264;286.4419
"FR";1991;"p10p20";6573.851;754.92518;753.19403;1.7311499;6515.612;6398.8295;6377.6501;21.179433;12.321494;104.46102;696.68673;137.9619
"FR";1992;"p10p20";6142.957;126.93064;122.66686;4.2637809;6138.7106;6006.0577;5994.5246;11.533159;22.001013;110.65188;122.68493;144.1861
"FR";1993;"p10p20";6011.812;415.11159;414.01736;1.0942389;5978.5734;5824.6073;5819.2809;5.3263153;10.232654;143.73352;381.87326;159.2925
"FR";1994;"p10p20";5667.065;295.62601;289.41287;6.2131414;5646.9897;5522.8534;5509.9016;12.951801;13.418044;110.71827;275.55018;137.0881
"FR";1995;"p10p20";5818.898;448.23819;441.76377;6.4744265;5785.7478;5694.0696;5678.9843;15.0853;14.150352;77.527885;415.08806;106.7635
"FR";1996;"p10p20";5734.625;979.52043;968.70587;10.814559;5643.8106;5580.3416;5569.1338;11.207765;8.0382664;55.4308;888.70652;74.67683
"FR";1997;"p10p20";5687.754;1824.2099;1817.9648;6.2450972;5579.6267;5534.2638;5529.9303;4.3335537;5.8341795;39.528672;1716.0823;49.69641
"FR";1998;"p10p20";5854.14;1789.1264;1780.5838;8.5426261;5730.769;5671.6421;5670.4169;1.2251286;4.150567;54.976372;1665.7552;60.35207
"FR";1999;"p10p20";6245.234;324.37583;318.82002;5.5558078;6204.1945;6131.2815;6127.7182;3.5633132;6.8740084;66.038992;283.33629;76.47631
"FR";2000;"p10p20";6210.395;222.25365;216.97963;5.2740271;6167.6249;6080.0779;6076.2746;3.8033326;7.5686241;79.978351;179.4835;91.3503
"FR";2001;"p10p20";6396.215;80.932304;76.85238;4.0799237;6375.3976;6326.6334;6320.3838;6.2496027;9.8806766;38.883481;60.115257;55.01376
"FR";2002;"p10p20";6604.144;57.377143;51.245368;6.1317754;6583.2438;6499.3855;6488.4518;10.933736;16.10743;67.750838;36.47676;94.79201
"FR";2003;"p10p20";6699.663;11.636811;7.9831195;3.6536915;6691.2166;6619.7303;6606.463;13.267372;19.583808;51.902428;3.1907656;84.75361
"FR";2004;"p10p20";7004.473;16.439853;12.033127;4.4067263;6996.0278;6919.7972;6897.4266;22.37056;25.308669;50.922001;7.9948808;98.60123
"FR";2005;"p10p20";7412.349;15.405185;8.2006287;7.2045561;7400.9919;7323.2506;7312.3337;10.916895;9.7641259;67.977241;4.048197;88.65826
"FR";2006;"p10p20";7348.533;15.417441;7.6165942;7.8008464;7334.5898;7213.2646;7210.6727;2.591901;2.673424;118.65185;1.4743333;123.9172
"FR";2007;"p10p20";7087.014;9.847447;3.124893;6.722554;7077.7707;6961.8421;6959.287;2.5551334;1.2005764;114.72799;.60468088;118.4837
"FR";2008;"p10p20";6667.531;16.598161;6.9295984;9.6685621;6652.3385;6516.6096;6487.9971;28.612441;11.294746;124.43419;1.4052559;164.3414
"FR";2009;"p10p20";6023.309;14.741705;6.1290346;8.6126702;6009.9036;5890.7958;5885.1729;5.6229258;3.092529;116.01525;1.3364472;124.7307
"FR";2010;"p10p20";4829.357;402.37384;394.7668;7.6070389;4798.3256;4548.327;4545.823;2.503954;.87407551;249.1245;371.34207;252.5025
"FR";2011;"p10p20";5114.991;12.376368;3.6252262;8.7511422;5103.3951;4866.886;4865.0528;1.8331693;.89338323;235.61574;.78048315;238.3423
"FR";2012;"p10p20";5282.38;18.387777;4.7058669;13.68191;5264.9793;5018.8494;5017.1184;1.7310247;.85140827;245.27848;.98703032;247.8609
"FR";2013;"p10p20";5380.954;17.566947;4.6328248;12.934123;5364.3489;5113.6167;5111.9701;1.646582;.91896239;249.81325;.96208812;252.3788
"FR";2014;"p10p20";5417.457;16.873124;4.552439;12.320685;5401.5484;5144.6835;5142.9964;1.6870537;.95056502;255.91438;.96478053;258.552
"FR";1970;"p20p30";6533.627;34.788348;17.831972;16.956376;6503.4818;6073.7754;6056.134;17.641423;11.209934;418.49649;4.6433699;447.3478
"FR";1971;"p20p30";7051.614;54.509802;35.592801;18.917001;7012.7879;6545.7781;6518.8327;26.94542;14.031481;452.97826;15.683803;493.9552
"FR";1972;"p20p30";7637;76.583323;55.131576;21.451747;7590.3169;7085.1742;7048.0473;37.126903;18.91984;486.2229;29.899537;542.2697
"FR";1973;"p20p30";8132.896;101.86294;77.97273;23.890208;8078.4411;7536.0521;7489.1402;46.911941;26.355942;516.03297;47.407673;589.3008
"FR";1974;"p20p30";8321.919;132.517;106.63762;25.879387;8252.8461;7696.5919;7640.9165;55.675448;25.884639;530.36954;63.444296;611.9296
"FR";1975;"p20p30";8475.617;162.36243;134.65926;27.703175;8391.4239;7831.6262;7768.0801;63.546083;24.965306;534.83241;78.168784;623.3438
"FR";1976;"p20p30";8901.928;143.57988;110.67815;32.901735;8822.2406;8252.6412;8182.8335;69.807714;26.135772;543.46354;63.892289;639.407
"FR";1977;"p20p30";9418.08;122.97097;84.787671;38.183303;9343.1383;8717.8332;8639.7265;78.106621;24.593342;600.71183;48.028996;703.4117
"FR";1978;"p20p30";9759.526;101.14211;57.154229;43.987879;9684.5064;9015.6893;8924.3467;91.342574;26.097139;642.71994;26.122283;760.1596
"FR";1979;"p20p30";10002.35;73.093481;23.213857;49.879624;9934.3672;9257.9251;9151.1545;106.77062;28.373117;648.06904;5.1115682;783.2128
"FR";1980;"p20p30";10007.76;119.30491;67.127844;52.177067;9913.7296;9219.0435;9086.5255;132.51802;32.297084;662.38903;25.276287;827.2041
"FR";1981;"p20p30";10088.54;166.70298;113.43093;53.272049;9968.0821;9255.3979;9106.1945;149.20335;33.47242;679.21179;46.250072;861.8876
"FR";1982;"p20p30";10358.64;211.65145;157.96069;53.690761;10215.663;9486.3589;9323.472;162.88688;35.440483;693.8633;68.671701;892.1907
"FR";1983;"p20p30";10664.45;258.45509;203.34143;55.113662;10500.208;9719.5668;9542.4063;177.1605;51.137828;729.50383;94.215606;957.8021
"FR";1984;"p20p30";10918.96;304.84069;248.96314;55.877549;10738.853;9863.6127;9669.9791;193.63358;77.743128;797.49692;124.7281;1068.874
"FR";1985;"p20p30";11473.97;493.04586;442.82347;50.222391;11238.302;10171.317;9960.3398;210.97731;107.56049;959.42437;257.38109;1277.962
"FR";1986;"p20p30";12014.17;688.78623;643.6131;45.173127;11716.11;10399.524;10176.495;223.02918;159.76604;1156.8197;390.72282;1539.615
"FR";1987;"p20p30";12828.99;920.81987;879.21151;41.608365;12461.332;10852.851;10608.306;244.54445;181.31547;1427.1657;553.16529;1853.026
"FR";1988;"p20p30";13620.27;1178.0908;1140.1663;37.924437;13202.203;11241.202;10974.363;266.83861;202.31774;1758.6836;760.02234;2227.84
"FR";1989;"p20p30";13542.18;1765.6747;1705.731;59.943781;12950.076;10761.443;10536.711;224.73233;234.58928;1954.0434;1173.5673;2413.365
"FR";1990;"p20p30";13223.34;2393.1352;2310.1429;82.992216;12462.35;10136.637;9955.674;180.96285;208.96447;2116.749;1632.1403;2506.677
"FR";1991;"p20p30";12386.29;3037.1922;2982.214;54.978176;11480.416;9162.5311;8901.192;261.33906;229.55422;2088.3306;2131.3142;2579.224
"FR";1992;"p20p30";11016.65;2116.475;2064.9453;51.529749;10581.203;8494.3239;8345.5914;148.73248;79.697302;2007.1815;1681.0317;2235.611
"FR";1993;"p20p30";11028.54;2239.1724;2129.4328;109.73963;10524.983;8326.5528;8168.1237;158.42917;90.09841;2108.332;1735.6122;2356.86
"FR";1994;"p20p30";10905.1;2294.8902;2227.9604;66.929848;10457.559;8388.5203;8277.1519;111.36843;97.012718;1972.0261;1847.3513;2180.407
"FR";1995;"p20p30";11323.16;3017.5163;2943.2515;74.26478;10726.922;8740.3776;8600.04;140.33765;97.709045;1888.8354;2421.2828;2126.882
"FR";1996;"p20p30";11063.58;5604.4146;5554.1747;50.23989;10119.175;8815.5598;8700.4398;115.12002;91.443956;1212.1712;4660.0109;1418.735
"FR";1997;"p20p30";10700.29;7254.9928;7210.6782;44.314619;9668.4092;8723.1436;8641.2108;81.932843;64.513827;880.75178;6223.1128;1027.198
"FR";1998;"p20p30";10581.02;5148.7642;5111.1268;37.637462;10017.867;9213.2829;9172.6112;40.671712;62.165231;742.41931;4585.6134;845.2562
"FR";1999;"p20p30";11506.1;5568.9933;5508.8859;60.107414;10706.8;9777.047;9716.5133;60.533739;84.808459;844.94405;4769.6971;990.2862
"FR";2000;"p20p30";11877.86;4222.1548;4165.9785;56.176223;11056.389;9701.4365;9631.164;70.272428;98.996862;1255.956;3400.6798;1425.225
"FR";2001;"p20p30";12274.85;2487.9229;2442.7887;45.134164;11694.512;10516.451;10426.963;89.48802;111.05831;1067.0026;1907.584;1267.549
"FR";2002;"p20p30";12729.75;2111.9207;2064.1441;47.776569;12150.075;10497.315;10395.387;101.92803;122.43117;1530.3293;1532.2459;1754.688
"FR";2003;"p20p30";12908.76;1066.5877;1004.7445;61.843296;12533.297;10947.232;10844.024;103.20844;132.994;1453.0714;691.12299;1689.274
"FR";2004;"p20p30";13621;468.98077;408.57583;60.404937;13425.967;12109.644;11990.934;118.71046;167.79995;1148.523;273.94573;1435.033
"FR";2005;"p20p30";14354.16;274.77553;206.94611;67.829421;14175.227;12606.733;12507.582;99.151572;98.413575;1470.08;95.845935;1667.645
"FR";2006;"p20p30";14340.47;256.00451;201.74246;54.262051;14171.109;12334.82;12276.243;58.57762;54.7988;1781.49;86.642913;1894.867
"FR";2007;"p20p30";13940.51;177.35077;118.99618;58.35459;13805.594;11890.705;11851.399;39.305529;32.00234;1882.8864;42.437077;1954.194
"FR";2008;"p20p30";13279.25;213.32369;154.06709;59.256607;13138.851;11038.534;10913.817;124.71693;71.37421;2028.9435;72.92126;2225.034
"FR";2009;"p20p30";12271.52;1503.0737;1434.4853;68.588342;11937.376;9937.2444;9853.9363;83.308067;39.933435;1960.1986;1168.9312;2083.44
"FR";2010;"p20p30";10376.68;2916.28;2851.8747;64.405349;10077.859;8793.1385;8755.4064;37.732036;13.746065;1270.9747;2617.4618;1322.453
"FR";2011;"p20p30";11182.86;2148.7866;2069.9974;78.789205;10861.037;9257.7398;9224.8482;32.891587;15.41445;1587.8824;1826.9592;1636.189
"FR";2012;"p20p30";11629.14;1466.2132;1370.816;95.397191;11320.086;9620.1854;9586.7074;33.477935;14.923206;1684.9774;1157.1617;1733.379
"FR";2013;"p20p30";11835.93;1431.8213;1341.638;90.183239;11532.032;9799.7949;9767.9501;31.844818;16.107273;1716.1297;1127.9203;1764.082
"FR";2014;"p20p30";11903.79;1400.3034;1314.3974;85.906042;11634.566;9859.8626;9827.2351;32.627539;16.661193;1758.0423;1131.0768;1807.331
"FR";1970;"p30p40";10862.62;1138.812;946.32928;192.48272;10119.744;8711.0354;8599.0676;111.96779;71.147974;1337.5606;395.93782;1520.676
"FR";1971;"p30p40";11679.32;1233.5649;1046.3956;187.16933;10916.316;9456.1585;9311.3916;144.76691;75.385502;1384.7719;470.56269;1604.924
"FR";1972;"p30p40";12576.61;1337.4088;1150.487;186.92175;11820.866;10307.957;10127.124;180.83351;92.152611;1420.7557;581.66592;1693.742
"FR";1973;"p30p40";13357.98;1469.1603;1284.305;184.85529;12599.081;11038.581;10824.445;214.13604;120.30534;1440.1941;710.25768;1774.635
"FR";1974;"p30p40";13732.54;1649.5065;1470.4844;179.02206;12876.719;11351.27;11108.607;242.66267;112.81877;1412.6307;793.68467;1768.112
"FR";1975;"p30p40";14020.91;1785.9299;1613.6543;172.27558;13090.261;11626.872;11359.326;267.54566;105.11048;1358.2785;855.2841;1730.935
"FR";1976;"p30p40";14920.5;1572.6052;1353.1506;219.45464;14060.986;12423.444;12128.456;294.98856;110.44272;1527.0986;713.08876;1932.53
"FR";1977;"p30p40";16046.39;1340.2877;1073.0998;267.18786;15262.093;13306.663;12975.599;331.0637;104.24165;1851.188;555.9942;2286.493
"FR";1978;"p30p40";16998.92;1097.6604;778.92532;318.73509;16232.067;13964.967;13576.806;388.16107;110.90002;2156.2002;330.80728;2655.261
"FR";1979;"p30p40";17695.27;786.79714;415.64588;371.15126;17025.855;14552.922;14098.202;454.71948;120.8367;2352.0966;117.38155;2927.653
"FR";1980;"p30p40";17814.68;1160.9953;787.5;373.49526;16950.164;14454.035;13922.81;531.22475;129.46926;2366.6595;296.47887;3027.354
"FR";1981;"p30p40";18030.1;1544.5076;1176.3139;368.19368;16963.856;14447.396;13877.108;570.28803;127.93895;2388.5205;478.26676;3086.748
"FR";1982;"p30p40";18491.49;1903.135;1543.7024;359.43255;17261.234;14729.799;14130.726;599.07305;130.34468;2401.0906;672.8757;3130.509
"FR";1983;"p30p40";19061.68;2277.2559;1918.9083;358.34758;17680.35;15014.566;14383.385;631.18132;182.19208;2483.5914;895.92953;3296.965
"FR";1984;"p30p40";19593.77;2649.8875;2296.1791;353.70848;18107.559;15167.308;14495.616;671.69196;269.68171;2670.5685;1163.6788;3611.942
"FR";1985;"p30p40";20554.3;4535.2106;4165.2098;370.00086;18196.913;14957.686;14172.961;784.72554;362.34548;2876.8812;2177.8239;4023.952
"FR";1986;"p30p40";21560.71;6482.8272;6099.3863;383.44093;18264.101;14623.493;13748.054;875.43816;521.73743;3118.871;3186.2163;4516.046
"FR";1987;"p30p40";22997.89;8768.0635;8364.3099;403.7536;18653.92;14609.999;13608.062;1001.9365;572.84197;3471.0798;4424.0981;5045.858
"FR";1988;"p30p40";24270.1;11290.415;10872.263;418.15231;18985.773;14499.907;13367.714;1132.193;617.03086;3868.8353;6006.085;5618.059
"FR";1989;"p30p40";24859.41;12246.284;11723.761;522.52274;19522.91;14395.025;13509.075;885.95001;699.86952;4428.0155;6909.7803;6013.834
"FR";1990;"p30p40";24992.93;13175.32;12537.314;638.00563;19658.19;14094.048;13460.094;633.95402;605.4365;4958.7056;7840.5762;6198.096
"FR";1991;"p30p40";23848.4;12640.393;12338.327;302.06535;19423.148;13978.412;13243.452;734.96022;482.40515;4962.3301;8215.1379;6179.696
"FR";1992;"p30p40";21506.38;9310.6414;9115.373;195.26837;18553.966;12721.389;12225.184;496.20487;267.87809;5564.6987;6358.2283;6328.782
"FR";1993;"p30p40";21368.12;11815.661;11547.536;268.12468;17970.908;11995.433;11599.469;395.96357;294.05986;5681.4155;8418.4515;6371.438
"FR";1994;"p30p40";20786.23;13454.571;13203.772;250.79881;17240.702;12634.049;12071.778;562.27036;334.26908;4272.3836;9909.039;5168.923
"FR";1995;"p30p40";21684.73;12682.49;12352.198;330.29233;18284.352;12678.966;11953.337;725.62921;289.30806;5316.0785;9282.1164;6331.016
"FR";1996;"p30p40";21081.69;13083.775;12740.309;343.46625;17821.338;12600.136;12016.79;583.34589;352.6723;4868.5301;9823.4238;5804.548
"FR";1997;"p30p40";20729.83;15037.055;14697.868;339.18718;17280.708;12689.177;12189.458;499.71918;311.06701;4280.4642;11587.935;5091.25
"FR";1998;"p30p40";20471.33;17470.86;17197.647;273.21313;16792.225;12576.436;12246.857;329.57907;291.10595;3924.6823;13791.757;4545.368
"FR";1999;"p30p40";22241.27;18371.854;18063.056;308.79783;17577.227;12921.692;12580.981;340.71076;328.12036;4327.415;13707.812;4996.246
"FR";2000;"p30p40";23394.59;18415.474;18112.922;302.55243;18119.245;13558.759;13127.277;431.48182;415.94858;4144.5377;13140.126;4991.968
"FR";2001;"p30p40";24536.49;21894.231;21540.309;353.92115;17894.823;12656.893;12170.604;486.28926;538.79419;4699.1359;15252.565;5724.22
"FR";2002;"p30p40";25879.78;21122.244;20751.521;370.72284;18688.496;13616.415;13076.175;540.23997;595.18415;4476.8968;13930.957;5612.321
"FR";2003;"p30p40";27357.03;19678.303;19259.956;418.34724;19742.917;14433.973;13801.858;632.1152;633.39237;4675.5523;12064.194;5941.06
"FR";2004;"p30p40";31358;22090.335;21416.443;673.89271;21478.027;14787.287;14032.331;754.95621;851.94671;5838.7936;12210.359;7445.697
"FR";2005;"p30p40";34841.71;23841.054;23084.231;756.82387;23675.627;14969.08;14055.346;913.73397;736.82372;7969.7236;12674.974;9620.281
"FR";2006;"p30p40";36630.09;23819.861;23072.175;747.68645;25361.301;15311.253;14429.843;881.41015;712.36767;9337.6803;12551.073;10931.46
"FR";2007;"p30p40";36878.82;23279.855;22619.595;660.26015;26579.222;15029.629;14240.111;789.51751;651.53825;10898.055;12980.251;12339.11
"FR";2008;"p30p40";35347.91;26909.794;26289.642;620.15162;25064.358;15027.862;13793.418;1234.4438;695.08092;9341.4151;16626.244;11270.94
"FR";2009;"p30p40";31164.44;31675.971;31104.982;570.98955;21894.552;14329.918;13599.135;730.78323;385.66428;7178.9697;22406.081;8295.418
"FR";2010;"p30p40";26574.2;30950.006;30393.015;556.99168;18781.127;12992.085;12667.175;324.9105;158.37958;5630.6624;23156.938;6113.952
"FR";2011;"p30p40";30078.45;33575.385;32829.478;745.90728;20935.849;14457.34;14022.53;434.80997;227.25173;6251.2579;24432.79;6913.32
"FR";2012;"p30p40";32284.03;34677.891;33739.982;937.90892;21973.438;15193.897;14621.384;572.51318;257.73954;6521.8019;24367.303;7352.055
"FR";2013;"p30p40";32517.84;33906.421;33019.773;886.64733;22362.963;15442.395;14897.81;544.5849;278.18963;6642.3787;23751.543;7465.154
"FR";2014;"p30p40";32013.45;33192.901;32348.306;844.59557;22638.561;15546.201;14988.23;557.9704;287.75642;6804.604;23818.012;7650.332
"FR";1970;"p40p50";19552.12;10804.724;9753.6587;1051.0656;12463.863;10438.443;10011.582;426.86113;271.24144;1754.1788;3716.4657;2452.281
"FR";1971;"p40p50";20689.09;11492.581;10474.163;1018.4186;13319.536;11180.383;10653.383;526.99939;274.42815;1864.7247;4123.0314;2666.152
"FR";1972;"p40p50";21737.11;12216.065;11202.823;1013.2425;14313.605;12022.62;11385.209;637.41093;324.82409;1966.1608;4792.5646;2928.396
"FR";1973;"p40p50";22802.97;13182.211;12184.173;998.03853;15157.756;12693.473;11956.424;737.04963;414.08726;2050.1961;5536.993;3201.333
"FR";1974;"p40p50";24014.9;14572.925;13610.483;962.44153;15326.691;12874.714;12054.613;820.10078;381.2814;2070.6958;5884.7129;3272.078
"FR";1975;"p40p50";24856.58;15512.214;14590.229;921.98476;15402.447;12999.948;12108.768;891.18046;350.11746;2052.3817;6058.0846;3293.68
"FR";1976;"p40p50";26459.3;17468.457;16354.04;1114.4169;15795.209;13428.655;12425.862;1002.7933;375.44244;1991.1113;6804.3677;3369.347
"FR";1977;"p40p50";28384.39;19761.877;18452.216;1309.6611;16375.861;13919.62;12775.434;1144.1858;360.26847;2095.9725;7753.346;3600.427
"FR";1978;"p40p50";31731.52;22982.506;21459.46;1523.046;16722.685;14204.381;12844.365;1360.0158;388.56494;2129.7392;7973.676;3878.32
"FR";1979;"p40p50";34938.38;26573.988;24834.229;1739.7594;16886.704;14425.293;12813.596;1611.6966;428.29063;2033.1203;8522.3131;4073.108
"FR";1980;"p40p50";35509.16;28410.741;26791.323;1619.4186;16511.711;14104.419;12389.243;1715.176;418.02;1989.272;9413.2982;4122.468
"FR";1981;"p40p50";36255;29974.424;28499.594;1474.83;16102.488;13773.915;12082.141;1691.7746;379.5343;1949.0387;9821.9136;4020.348
"FR";1982;"p40p50";36400.79;30760.569;29432.544;1328.0248;15930.308;13673.83;12029.211;1644.619;357.83171;1898.6463;10290.089;3901.097
"FR";1983;"p40p50";36651.83;31688.859;30469.841;1219.018;15941.455;13576.483;11963.143;1613.3405;465.69481;1899.2774;10978.482;3978.313
"FR";1984;"p40p50";36619.98;32578.209;31472.842;1105.3665;15993.418;13377.538;11770.575;1606.9632;645.18946;1970.6898;11951.644;4222.842
"FR";1985;"p40p50";36810.71;33847.932;32829.955;1017.9769;15964.244;13001.101;11430.424;1570.6762;787.04258;2176.1006;13001.466;4533.819
"FR";1986;"p40p50";37934.73;35475.89;34536.46;939.43008;15940.625;12512.156;11008.171;1503.985;1007.4794;2420.9892;13481.788;4932.453
"FR";1987;"p40p50";39945.79;38462.157;37573.094;889.06322;16041.922;12319.062;10813.316;1505.7458;954.42977;2768.4306;14558.294;5228.606
"FR";1988;"p40p50";41656.18;41810.493;40976.579;833.91408;16069.486;12047.155;10536.785;1510.3701;847.63695;3174.6935;16223.798;5532.701
"FR";1989;"p40p50";42534.42;41931.577;40884.96;1046.6172;17622.277;12348.636;10594.42;1754.2157;1130.9068;4142.7344;17019.43;7027.856
"FR";1990;"p40p50";42887.2;41627.884;40346.395;1281.4893;18918.798;12482.617;10503.271;1979.3452;1178.2526;5257.9289;17659.482;8415.526
"FR";1991;"p40p50";42713.91;43670.361;42717.89;952.4709;19445.644;11797.667;10178.154;1619.5137;901.31911;6746.6573;20402.096;9267.49
"FR";1992;"p40p50";36667.11;34247.094;33443.805;803.28875;21301.425;12680.906;11605.414;1075.4915;750.1332;7870.3863;18881.407;9696.011
"FR";1993;"p40p50";36925.04;37195.727;36093.557;1102.1707;20327.515;12359.756;11117.21;1242.5468;620.09778;7347.661;20598.206;9210.306
"FR";1994;"p40p50";37069.52;38645.751;37680.072;965.67847;21113.952;11339.949;9849.4093;1490.5393;816.05923;8957.9445;22690.185;11264.54
"FR";1995;"p40p50";38544.57;42306.979;41360.802;946.17678;20556.074;11529.834;9805.5423;1724.2921;704.12589;8322.114;24318.48;10750.53
"FR";1996;"p40p50";37345.39;42627.574;41900.069;727.50531;19626.773;10628.202;9475.5978;1152.6041;656.09367;8342.4777;24908.953;10151.18
"FR";1997;"p40p50";37395.28;45412.384;44606.082;806.30215;18414;10236.675;9321.1137;915.56179;580.39242;7596.9319;26431.106;9092.886
"FR";1998;"p40p50";37960.04;47984.316;47270.171;714.14512;18099.699;10361.188;9595.5725;765.61503;613.44086;7125.0709;28123.973;8504.127
"FR";1999;"p40p50";41988.45;50037.182;49251.554;785.62823;19737.126;10678.405;9954.6585;723.74699;630.4616;8428.2586;27785.864;9782.467
"FR";2000;"p40p50";46084.63;53387.879;52603.272;784.60667;21118.19;10822.405;10011.332;811.07273;754.77412;9541.0108;28421.437;11106.86
"FR";2001;"p40p50";49458.27;57523.955;56635.237;888.71846;21427.231;10960.578;10063.143;897.43439;832.11258;9634.5409;29492.918;11364.09
"FR";2002;"p40p50";53552.79;59663.596;58602.246;1061.3496;24114.646;11843.157;10847.489;995.66751;960.96883;11310.521;30225.449;13267.16
"FR";2003;"p40p50";58172.96;62152.071;60925.823;1226.248;25571.515;12403.355;11369.495;1033.8593;1009.1772;12158.984;29550.623;14202.02
"FR";2004;"p40p50";67111.16;68654.453;67104.439;1550.014;27722.421;12649.604;11650.601;999.00255;1169.4563;13903.361;29265.721;16071.82
"FR";2005;"p40p50";76470.37;77983.872;76205.418;1778.4536;29078.881;13182.675;11767.107;1415.5681;911.51067;14984.695;30592.382;17311.77
"FR";2006;"p40p50";82244.33;86303.154;84289.931;2013.223;30112.802;14066.673;12365.172;1701.5008;1064.0504;14982.079;34171.627;17747.63
"FR";2007;"p40p50";84796.25;91843.284;89840.4;2002.8839;30643.592;14158.18;12477.922;1680.2578;1098.0531;15387.359;37690.625;18165.67
"FR";2008;"p40p50";80200.13;92353.354;90654.647;1698.7069;30013.281;15278.488;12763.82;2514.6676;1057.6547;13677.139;42166.512;17249.46
"FR";2009;"p40p50";72459.81;90526.977;88844.919;1682.0578;26895.361;14735.105;12943.478;1791.6265;761.75909;11398.498;44962.525;13951.88
"FR";2010;"p40p50";67645.34;92596.088;90718.019;1878.0688;22913.479;14703.357;13234.051;1469.3059;527.15509;7682.9664;47864.222;9679.428
"FR";2011;"p40p50";75223.94;101481.98;99217.708;2264.2738;22615.444;14165.07;12672.936;1492.1348;569.63088;7880.7421;48873.488;9942.508
"FR";2012;"p40p50";77885.36;101695.25;99502.37;2192.8823;23458.488;14679.399;13070.758;1608.6416;537.7036;8241.3854;47268.383;10387.73
"FR";2013;"p40p50";77199.2;99450.957;97377.927;2073.0299;23822.159;14848.038;13317.869;1530.169;580.36715;8393.7544;46073.914;10504.29
"FR";2014;"p40p50";75334.89;97372.181;95397.471;1974.7105;24165.557;14966.478;13398.699;1567.7794;600.32564;8598.7527;46202.85;10766.86
"FR";1970;"p50p60";30427.01;27497.488;25868.073;1629.4152;8592.635;7264.4777;6754.2005;510.27721;324.24674;1003.9106;5663.1158;1838.434
"FR";1971;"p50p60";31827.17;28838.85;27237.025;1601.8252;9239.9665;7880.5509;7267.3195;613.2314;319.33235;1040.0832;6251.6514;1972.647
"FR";1972;"p50p60";32974.56;30187.538;28569.504;1618.034;10019.539;8581.1477;7854.1502;726.99751;370.47734;1067.9143;7232.5195;2165.389
"FR";1973;"p50p60";34498.24;32097.842;30478.539;1619.3031;10718.498;9170.0742;8342.3468;827.72736;465.03158;1083.3922;8318.101;2376.151
"FR";1974;"p50p60";37092.58;34990.403;33402.558;1587.8449;10904.233;9417.7225;8508.0045;909.71803;422.94627;1063.5641;8802.0544;2396.228
"FR";1975;"p50p60";38693.89;36684.56;35136.512;1548.0475;11032.892;9624.8212;8646.1323;978.68888;384.49683;1023.5737;9023.556;2386.759
"FR";1976;"p50p60";40342.03;38474.478;36939.535;1534.9435;11386.797;9963.82;8992.5782;971.24182;363.62966;1059.3469;9519.2489;2394.218
"FR";1977;"p50p60";42429.8;40770.159;39244.459;1525.7008;11868.23;10364.21;9374.3142;989.89584;311.68737;1192.3326;10208.594;2493.916
"FR";1978;"p50p60";46982.47;44657.533;43123.329;1534.2038;12224.075;10621.962;9560.0724;1061.8898;303.38849;1298.7241;9899.1387;2664.002
"FR";1979;"p50p60";51307.3;48839.244;47298.349;1540.8951;12460.699;10823.478;9678.1326;1145.3458;304.36303;1332.8575;9992.6433;2782.566
"FR";1980;"p50p60";52233.64;49914.043;48335.929;1578.1136;12774.249;11072.006;9734.6815;1337.3249;325.93071;1376.3124;10454.649;3039.568
"FR";1981;"p50p60";53057.96;50313.205;48732.041;1581.1643;13063.213;11315.696;9880.6757;1435.0203;321.9338;1425.5829;10318.459;3182.537
"FR";1982;"p50p60";52625.01;49285.454;47718.533;1566.9219;13549.744;11750.965;10244.084;1506.8815;327.86316;1470.9159;10210.189;3305.661
"FR";1983;"p50p60";52390.44;48439.768;46855.6;1584.1682;14222.043;12202.159;10615.028;1587.131;458.12937;1561.7546;10271.37;3607.015
"FR";1984;"p50p60";51955.46;47500.248;45916.104;1584.1441;14979.25;12577.338;10888.815;1688.5232;677.9355;1723.9765;10524.034;4090.436
"FR";1985;"p50p60";51648.97;47430.371;46005.412;1424.9598;15685.734;12806.698;10973.683;1833.0151;863.79926;2015.2369;11467.135;4712.052
"FR";1986;"p50p60";52380.19;47842.006;46559.2;1282.8061;16447.965;12909.727;10977.86;1931.8667;1169.609;2368.6288;11909.777;5470.105
"FR";1987;"p50p60";54472.43;49976.885;48794.202;1182.6833;17376.448;13325.488;11212.624;2112.8636;1194.6998;2856.2605;12880.903;6163.824
"FR";1988;"p50p60";56328.04;52402.566;51323.497;1079.0689;18302.015;13673.29;11372.773;2300.5174;1180.4709;3448.2539;14376.546;6929.243
"FR";1989;"p50p60";59032.43;55661.669;54053.234;1608.4349;18849.635;13598.31;11422.685;2175.6253;1335.7897;3915.5351;15478.875;7426.951
"FR";1990;"p50p60";60994.16;58649.819;56482.902;2166.9173;18842.918;13344.095;11312.295;2031.8003;1151.8196;4347.0036;16498.578;7530.624
"FR";1991;"p50p60";61732.37;58177.367;56398.718;1778.6487;19882.712;13716.308;11243.045;2473.2637;1535.9343;4630.4695;16327.71;8639.667
"FR";1992;"p50p60";58081.83;55772.333;53262.459;2509.874;20577.287;13060.071;10580.223;2479.8478;1238.2787;6278.9376;18267.794;9997.063
"FR";1993;"p50p60";57081.81;58630.876;56974.07;1656.8065;20155.553;11393.131;9476.3122;1916.8191;1333.0441;7429.3776;21704.618;10679.24
"FR";1994;"p50p60";57793.41;55659.418;53969.164;1690.2544;22264.31;12074.621;9783.996;2290.6252;1116.1289;9073.5601;20130.314;12480.31
"FR";1995;"p50p60";58333.86;53611.902;51925.978;1685.9236;23975.995;12884.008;10423.019;2460.9889;1053.2554;10038.731;19254.034;13552.98
"FR";1996;"p50p60";56903.11;50903.426;49567.084;1336.342;24274.528;12512.311;10933.379;1578.9321;983.30467;10778.912;18274.839;13341.15
"FR";1997;"p50p60";56795.8;48298.302;46775.839;1522.4633;24953.944;12433.667;10908.8;1524.8669;850.65809;11669.619;16456.445;14045.14
"FR";1998;"p50p60";57876.16;48730.566;47332.626;1397.9397;24206.861;12286.721;11250.708;1036.0133;852.68268;11067.457;15061.271;12956.15
"FR";1999;"p50p60";63381.63;54935.813;53478.11;1457.7029;25119.98;13020.708;11948.187;1072.5214;882.34082;11216.931;16674.166;13171.79
"FR";2000;"p50p60";69140.77;63184.439;61655.439;1529.0001;25730.37;13437.999;12295.302;1142.6975;1120.2219;11172.149;19774.039;13435.07
"FR";2001;"p50p60";73371.28;68652.95;67135.105;1517.8446;25541.602;13193.262;11931.903;1261.3586;1157.6082;11190.732;20823.273;13609.7
"FR";2002;"p50p60";78867.28;75485.787;73966.826;1518.9609;25508.727;13108.372;11921.486;1186.8861;1144.2863;11256.069;22127.232;13587.24
"FR";2003;"p50p60";86413.48;85769.593;84051.227;1718.3662;24892.81;13080.319;12042.766;1037.553;1130.1011;10682.391;24248.917;12850.04
"FR";2004;"p50p60";99327.02;101394.41;99422.929;1971.4785;24681.527;13423.541;12471.957;951.58377;1232.5519;10025.434;26748.91;12209.57
"FR";2005;"p50p60";112893.8;111539.87;109402.06;2137.813;29870.971;14424.988;13200.682;1224.3061;870.182;14575.801;28517.026;16670.29
"FR";2006;"p50p60";122104.9;125498.15;123420.47;2077.6717;30609.803;14492.475;13280.499;1211.9756;864.92196;15252.407;34003.092;17329.3
"FR";2007;"p50p60";126135.4;137193.37;135128.35;2065.0188;27456.943;14136.649;13056.635;1080.0149;732.8377;12587.456;38514.917;14400.31
"FR";2008;"p50p60";120650;133919.4;131755.27;2164.132;26012.813;14979.203;13061.053;1918.1503;900.07766;10133.533;39282.229;12951.76
"FR";2009;"p50p60";112721.1;125435.21;123083.03;2352.1775;26044.508;16183.482;14095.438;2088.0447;943.9122;8917.1135;38758.61;11949.07
"FR";2010;"p50p60";111065.3;126811.51;124158.15;2653.3575;24558.305;16402.667;14614.657;1788.0096;647.29285;7508.3455;40304.489;9943.647
"FR";2011;"p50p60";118233.9;132399.74;129597.59;2802.1542;23423.654;16048.438;14569.526;1478.9121;556.97142;6818.2449;37589.542;8854.129
"FR";2012;"p50p60";119704.4;132026.91;129207.62;2819.291;23010.47;16302.512;14813.804;1488.7087;511.48994;6196.468;35332.937;8196.666
"FR";2013;"p50p60";118040.7;129107.73;126442.53;2665.2021;23373.058;16509.954;15093.868;1416.0866;552.07359;6311.0298;34440.076;8279.189
"FR";2014;"p50p60";115542.7;126406.52;123867.73;2538.7973;23672.592;16636.371;15185.478;1450.893;571.0591;6465.1626;34536.457;8487.114
"FR";1970;"p60p70";40100.95;34049.784;31278.43;2771.3537;11340.719;9744.3563;8999.2244;745.13184;473.48101;1122.8815;5289.5491;2341.494
"FR";1971;"p60p70";42296.74;35759.167;32939.887;2819.2805;12300.588;10543.841;9648.9161;894.92503;466.02069;1290.726;5763.0157;2651.672
"FR";1972;"p60p70";44378.4;37504.598;34557.903;2946.695;13456.132;11451.775;10391.316;1060.4584;540.40876;1463.9482;6582.3262;3064.815
"FR";1973;"p60p70";46966.87;39925.332;36874.135;3051.1971;14517.825;12205.127;10998.176;1206.9506;678.08576;1634.6126;7476.2864;3519.649
"FR";1974;"p60p70";50579.82;43514.969;40419.521;3095.4485;14880.217;12502.852;11176.738;1326.1143;616.5373;1760.8268;7815.369;3703.478
"FR";1975;"p60p70";52890.17;45648.203;42526.004;3122.199;15159.203;12744.004;11317.696;1426.308;560.35263;1854.8463;7917.2345;3841.507
"FR";1976;"p60p70";54673.55;47690.639;44458.566;3232.0731;15501.68;13083.656;11634.522;1449.1343;542.55098;1875.4729;8518.7666;3867.158
"FR";1977;"p60p70";57032.36;50317.692;46967.608;3350.0837;16034.158;13495.474;11983.764;1511.7097;475.99031;2062.6933;9319.4954;4050.393
"FR";1978;"p60p70";62008.09;54827.817;51318.777;3509.0393;16400.743;13730.832;12071.452;1659.3794;474.09497;2195.8162;9220.4745;4329.291
"FR";1979;"p60p70";66724.2;59635.575;55968.234;3667.3409;16586.911;13897.531;12066.548;1830.9827;486.56351;2202.8169;9498.2882;4520.364
"FR";1980;"p60p70";68412.7;61533.428;57887.139;3646.2889;17188.973;14448.001;12203.388;2244.6131;547.05356;2193.9184;10309.703;4985.585
"FR";1981;"p60p70";69778.5;62643.642;59090.049;3553.593;17708.199;14955.713;12451.903;2503.8097;561.70703;2190.7791;10573.344;5256.296
"FR";1982;"p60p70";69606.97;62039.16;58607.733;3431.4267;18458.117;15689.601;12975.962;2713.6391;590.42619;2178.0888;10890.304;5482.154
"FR";1983;"p60p70";69797.51;61701.678;58315.958;3385.7196;19520.868;16446.756;13512.487;2934.2695;846.98431;2227.1274;11425.035;6008.381
"FR";1984;"p60p70";69784.66;61250.307;57941.367;3308.9398;20767.114;17119.402;13927.596;3191.8059;1281.4976;2366.2142;12232.763;6839.518
"FR";1985;"p60p70";69265.56;60470.983;57365.701;3105.2827;21501.484;17280.398;14037.355;3243.0427;1592.6162;2628.4702;12706.906;7464.128
"FR";1986;"p60p70";70007.39;60272.663;57352.006;2920.6571;22300.161;17268.536;14043.892;3224.6437;2089.6343;2941.9909;12565.435;8256.27
"FR";1987;"p60p70";72390.39;62183.534;59365.953;2817.581;23128.163;17694.534;14345.427;3349.107;2048.7478;3384.8807;12921.303;8782.735
"FR";1988;"p60p70";74528.98;64366.373;61671.923;2694.4493;23853.848;18033.248;14551.527;3481.721;1914.7964;3905.8039;13691.236;9302.32
"FR";1989;"p60p70";79147.51;68320.416;65052.423;3267.9923;25805.715;18222.78;14349.114;3873.6659;2564.0859;5018.8493;14978.627;11456.6
"FR";1990;"p60p70";82918.21;71997.352;68084.38;3912.9728;27141.227;18173.54;13947.79;4225.7494;2680.8485;6286.8383;16220.367;13193.44
"FR";1991;"p60p70";82602.35;75394.301;72853.72;2540.5808;25164.548;16230.667;12760.579;3470.0888;2035.8594;6898.0211;17956.496;12403.97
"FR";1992;"p60p70";78936.07;75074.393;71949.467;3124.9252;24496.379;15601.357;12540.042;3061.3145;2110.0653;6784.9571;20634.7;11956.34
"FR";1993;"p60p70";77391.44;68562.462;65503.018;3059.4437;26741.531;16495.816;13355.245;3140.5707;1753.5238;8492.1915;17912.553;13386.29
"FR";1994;"p60p70";78344.17;67562.883;64452.105;3110.7784;27970.285;16924.748;13122.089;3802.6598;2135.4882;8910.0483;17188.998;14848.2
"FR";1995;"p60p70";78980.51;68319.087;64908.449;3410.6384;28392.55;17553.899;13088.904;4464.9947;2076.7152;8761.9363;17731.128;15303.65
"FR";1996;"p60p70";76490.17;67401.353;64856.714;2544.6385;27809.553;16242.305;13035.959;3206.346;1743.7898;9823.4576;18720.73;14773.59
"FR";1997;"p60p70";77292.27;68892.605;66199.32;2693.2849;28912.157;16238.841;13730.656;2508.1841;1557.1251;11116.192;20512.493;15181.5
"FR";1998;"p60p70";79342.7;74336.687;71589.948;2746.7393;28725.978;15193.907;13504.007;1689.9;1196.041;12336.03;23719.966;15221.97
"FR";1999;"p60p70";86365.43;80249.414;77545.929;2703.4843;31278.393;16157.092;14236.024;1921.0678;1746.6726;13374.628;25162.376;17042.37
"FR";2000;"p60p70";93036.09;86527.304;84124.298;2403.0056;32101.232;16107.164;14381.796;1725.3682;1753.8646;14240.203;25592.45;17719.44
"FR";2001;"p60p70";98179.21;89630.268;87195.49;2434.7778;34301.05;15901.916;14296.595;1605.3209;1744.3875;16654.747;25752.109;20004.46
"FR";2002;"p60p70";105257.9;97974.703;95390.64;2584.0635;33676.694;16158.917;14854.944;1303.9733;1459.2589;16058.518;26393.526;18821.75
"FR";2003;"p60p70";115900.5;107965.8;104981.48;2984.3194;35633.313;17136.362;15844.064;1292.2982;1539.8967;16957.054;27698.589;19789.25
"FR";2004;"p60p70";131376.3;119152.23;115745.94;3406.2826;40408.448;18024.142;16612.528;1411.6137;1846.5193;20537.786;28184.402;23795.92
"FR";2005;"p60p70";147649.1;141411.75;137657.29;3754.4541;36895.475;18527.68;16248.984;2278.6955;1519.635;16848.16;30658.159;20646.49
"FR";2006;"p60p70";159952.9;150624.54;146908.34;3716.1982;38009.41;18366.816;15840.876;2525.9397;1488.9015;18153.693;28681.031;22168.54
"FR";2007;"p60p70";165774.2;156812.34;152987.26;3825.0772;37363.282;18404.109;15966.158;2437.9516;1553.8038;17405.368;28401.382;21397.13
"FR";2008;"p60p70";162245.5;154512.45;150545.23;3967.2174;34635.369;19421.887;16543.65;2878.2375;1500.9406;13712.541;26902.358;18091.72
"FR";2009;"p60p70";153676.4;152339.32;148903.61;3435.7176;29992.181;17847.764;15898.393;1949.3706;1071.8376;11072.579;28655.071;14093.79
"FR";2010;"p60p70";152491.5;158134.5;154562.28;3572.2213;25682.696;16685.736;15113.341;1572.3954;719.85357;8277.1062;31325.729;10569.36
"FR";2011;"p60p70";158229.5;162976.39;159113.16;3863.2293;26958.48;17198.862;15623.775;1575.0873;704.0535;9055.5645;31705.333;11334.71
"FR";2012;"p60p70";158775.9;161681.42;157867.81;3813.6101;27671.348;17820.147;16082.289;1737.8578;653.41679;9197.784;30576.833;11589.06
"FR";2013;"p60p70";156408.9;158100.58;154495.4;3605.1763;28112.512;18039.416;16386.335;1653.0817;705.26147;9367.8347;29804.158;11726.18
"FR";2014;"p60p70";153404.7;154786.59;151352.4;3434.1908;28505.642;18179.503;16485.79;1693.7133;729.51506;9596.6236;29887.566;12019.85
"FR";1970;"p70p80";57730.95;48252.369;40643.239;7609.1307;15086.955;12217.188;10258.54;1958.6473;1244.5882;1625.1791;5608.3751;4828.415
"FR";1971;"p70p80";60313.11;50097.491;42576.477;7521.0134;16098.562;13285.99;11095.681;2190.3094;1140.5754;1671.9959;5882.9423;5002.881
"FR";1972;"p70p80";63061.23;52068.653;44429.078;7639.5742;17455.302;14503.272;12054.137;2449.1347;1248.0771;1703.9533;6462.7269;5401.165
"FR";1973;"p70p80";66520.27;54839.406;47149.964;7689.4422;18733.45;15526.176;12869.798;2656.378;1492.3992;1714.8752;7052.5859;5863.652
"FR";1974;"p70p80";70875.95;58983.758;51399.251;7584.5073;18967.392;15995.433;13193.105;2802.3287;1302.8591;1669.099;7075.1939;5774.287
"FR";1975;"p70p80";73468;61215.659;53776.453;7439.2061;19122.256;16387.078;13476.171;2910.907;1143.606;1591.572;6869.9174;5646.085
"FR";1976;"p70p80";75959.03;63289.89;55493.66;7796.2301;20006.41;17211.643;14196.108;3015.5352;1129.0062;1665.76;7337.2653;5810.302
"FR";1977;"p70p80";79152.19;66022.586;57849.701;8172.8849;21097.463;18193.425;14989.191;3204.2339;1008.9135;1895.124;7967.8603;6108.271
"FR";1978;"p70p80";85348.56;71003.018;62352.319;8650.6985;22170.946;19062.708;15483.428;3579.2796;1022.6223;2085.616;7825.3984;6687.518
"FR";1979;"p70p80";91305.7;76186.146;67057.095;9129.0506;23121.853;19893.014;15877.384;4015.63;1067.1095;2161.7292;8002.2924;7244.469
"FR";1980;"p70p80";93411.2;78512.457;69515.795;8996.6615;23633.3;20288.36;15716.381;4571.9793;1114.2756;2230.664;8734.554;7916.919
"FR";1981;"p70p80";94701.08;79819.57;71126.58;8692.9892;23889.545;20503.343;15701.52;4801.8229;1077.2454;2308.9572;9008.0394;8188.025
"FR";1982;"p70p80";94142.73;79038.75;70714.268;8324.4828;24433.925;20976.13;16026.215;4949.915;1076.989;2380.8061;9329.9439;8407.71
"FR";1983;"p70p80";94326.66;78680.53;70533.117;8147.413;25488.86;21481.793;16351.523;5130.2698;1480.8653;2526.2018;9842.732;9137.337
"FR";1984;"p70p80";94416.31;78166.405;70266.094;7900.3108;26847.313;21899.881;16518.526;5381.355;2160.5931;2786.8381;10597.407;10328.79
"FR";1985;"p70p80";93397.02;76384.427;69221.562;7162.8653;28381.153;22385.222;16656.944;5728.2785;2808.6708;3187.26;11368.556;11724.21
"FR";1986;"p70p80";93880.7;75329.331;68826.222;6503.1092;30177.4;22611.1;16672.838;5938.2615;3895.5971;3670.7035;11626.028;13504.56
"FR";1987;"p70p80";96368.71;76867.126;70816.895;6050.2311;31883.692;23442.712;17039.025;6403.6871;4097.9312;4343.0488;12382.105;14844.67
"FR";1988;"p70p80";98603.88;78682.372;73108.02;5574.3519;33531.733;24180.105;17292.044;6888.0604;4200.9173;5150.7108;13610.218;16239.69
"FR";1989;"p70p80";104569.6;82909.339;76776.425;6132.9137;35155.024;24153.126;17319.913;6833.2126;5266.0646;5735.8337;13494.787;17835.11
"FR";1990;"p70p80";108916.6;86859.506;80021.302;6838.2037;35197.121;23820.685;17105.164;6715.5212;5146.7723;6229.6637;13139.988;18091.96
"FR";1991;"p70p80";106877;85001.523;78986.111;6015.4118;34181.683;21345.123;15670.443;5674.6803;4401.9185;8434.6416;12306.229;18511.24
"FR";1992;"p70p80";109567.4;89333.493;81776.545;7556.9478;36218.727;21894.291;15084.965;6809.3269;5330.953;8993.4822;15984.838;21133.76
"FR";1993;"p70p80";108202.5;87662.127;80436.027;7226.1001;35518.67;20815.913;14356.602;6459.3116;4481.3346;10221.422;14978.266;21162.07
"FR";1994;"p70p80";109215.6;84855.974;78416.123;6439.8506;39494.8;23503.174;15202.795;8300.3786;4006.5199;11985.106;15135.161;24292
"FR";1995;"p70p80";109983.5;83864.29;77638.314;6225.9755;41013.656;23838.585;15645.278;8193.3064;3714.9082;13460.163;14894.415;25368.38
"FR";1996;"p70p80";106778.3;81962.253;76700.613;5261.6403;40070.053;21743.748;16169.675;5574.0738;3232.8462;15093.459;15254.044;23900.38
"FR";1997;"p70p80";107235.9;81434.606;75857.961;5576.6446;40989.412;20780.773;16293.778;4486.9946;2746.1356;17462.504;15188.134;24695.63
"FR";1998;"p70p80";109384.6;82989.214;77794.557;5194.6566;41081.188;20461.525;16891.38;3570.1443;2610.6718;18008.991;14685.763;24189.81
"FR";1999;"p70p80";117454.7;88290.036;83285.487;5004.5494;43916.914;21176.674;18103.304;3073.3699;2799.0958;19941.144;14752.27;25813.61
"FR";2000;"p70p80";125870.5;94663.854;89688.369;4975.4851;46107.083;20656.521;17896.542;2759.9793;2975.4425;22475.12;14900.469;28210.54
"FR";2001;"p70p80";132109;103435.81;98444.869;4990.9409;44476.493;20182.496;17663.111;2519.3847;2928.2682;21365.729;15803.338;26813.38
"FR";2002;"p70p80";140305.2;112664.82;107302.47;5362.3495;45923.662;20784.113;18140.891;2643.2218;2954.4591;22185.091;18283.28;27782.77
"FR";2003;"p70p80";153494.9;131179.84;125703.55;5476.2843;43663.917;20599.593;18367.662;2231.9306;2693.753;20370.571;21348.835;25296.26
"FR";2004;"p70p80";171996.9;149089;143434.03;5654.968;44476.12;20500.932;18472.563;2028.3693;2930.3061;21044.882;21568.256;26003.56
"FR";2005;"p70p80";193383.6;170464.26;164329.62;6134.6404;45942.423;22020.526;18925.783;3094.7422;2212.0164;21709.881;23023.058;27016.64
"FR";2006;"p70p80";210340.9;191403.67;185306.32;6097.3506;44767.248;23088.526;19512.769;3575.757;2559.7023;19119.02;25829.981;25254.48
"FR";2007;"p70p80";218133.5;201288.1;195155.66;6132.437;45088.437;23178.395;19370.663;3807.7323;2459.5222;19450.519;28243.046;25717.77
"FR";2008;"p70p80";212438.7;189649.95;183607.58;6042.3697;50606.55;25449.292;20077.517;5371.7743;2780.5871;22376.672;27817.845;30529.03
"FR";2009;"p70p80";201542.8;174709.17;168481.47;6227.7003;53594.509;27201.635;21805.103;5396.5319;2538.0036;23854.871;26760.883;31789.41
"FR";2010;"p70p80";203038.2;176126.43;169115.01;7011.4145;51265.687;27783.542;23404.469;4379.0723;1803.9878;21678.158;24353.89;27861.21
"FR";2011;"p70p80";208292.2;180556.27;172915.78;7640.4874;53582.031;28528.865;24087.076;4441.7894;1787.3407;23265.825;25846.111;29494.96
"FR";2012;"p70p80";209022.8;180193.96;172786.49;7407.47;54572.23;29433.641;24539.639;4894.0017;1706.8523;23431.737;25743.387;30032.59
"FR";2013;"p70p80";206397.8;176124.56;169121.95;7002.613;55366.067;29658.838;25003.575;4655.2627;1842.2807;23864.948;25092.852;30362.49
"FR";2014;"p70p80";203480.7;172365.28;165694.78;6670.4944;56278.449;29925.017;25155.331;4769.6858;1905.6358;24447.797;25163.075;31123.12
"FR";1970;"p80p90";99024.95;78334.4;42096.992;36237.408;26219.85;19232.536;11675.614;7556.9223;4801.9142;2185.3999;5529.3023;14544.24
"FR";1971;"p80p90";100922;79660.441;44407.4;35253.041;27109.864;20648.656;12735.35;7913.3061;4120.7523;2340.4562;5848.3421;14374.52
"FR";1972;"p80p90";104416.8;81890.527;46667.309;35223.219;29007.636;22277.85;13950.48;8327.37;4243.621;2486.1648;6481.3624;15057.16
"FR";1973;"p80p90";108553.7;84731.151;49879.764;34851.387;30961.562;23553.407;15016.063;8537.3435;4796.4276;2611.7273;7138.9971;15945.5
"FR";1974;"p80p90";111999;88538.788;54769.146;33769.643;30693.087;24062.514;15516.72;8545.7939;3973.112;2657.461;7232.9001;15176.37
"FR";1975;"p80p90";113540.8;90238.126;57722.719;32515.406;30399.806;24425.955;15974.482;8451.4726;3320.3243;2653.5267;7097.1081;14425.32
"FR";1976;"p80p90";117212.1;93754.24;60402.94;33351.3;30957.721;25151.46;16640.832;8510.6281;3186.3504;2619.9103;7499.8567;14316.89
"FR";1977;"p80p90";121845.4;98143.868;63872.727;34271.142;31758.741;26176.482;17375.032;8801.4495;2771.3023;2810.9568;8057.1787;14383.71
"FR";1978;"p80p90";130617.1;105463.02;69857.283;35605.733;32981.177;27327.974;17748.111;9579.8629;2737.0262;2916.1776;7827.1258;15233.07
"FR";1979;"p80p90";139385.8;113187.19;76260.466;36926.725;34114.427;28480.633;17996.875;10483.758;2785.9433;2847.8513;7915.8039;16117.55
"FR";1980;"p80p90";142113.6;115408.38;79908.213;35500.168;35405.868;29606.366;17871.268;11735.099;2860.0598;2939.4414;8700.6696;17534.6
"FR";1981;"p80p90";142888.6;116104.14;82644.726;33459.417;35819.577;30052.455;17911.445;12141.009;2723.7255;3043.3974;9035.1043;17908.13
"FR";1982;"p80p90";141403.6;114310.67;83059.265;31251.406;36514.729;30689.041;18340.346;12348.694;2686.7952;3138.8931;9421.7888;18174.38
"FR";1983;"p80p90";141975.1;113581.99;83751.924;29830.069;38399.665;31418.095;18772.573;12645.523;3650.1621;3331.4081;10006.511;19627.09
"FR";1984;"p80p90";142856.3;112611.24;84404.256;28206.979;41090.381;32146.278;19025.121;13121.157;5268.0936;3676.0094;10845.298;22065.26
"FR";1985;"p80p90";141109.4;108207.19;83040.731;25166.463;44129.38;33091.798;19004.769;14087.028;6887.6983;4149.8839;11227.178;25124.61
"FR";1986;"p80p90";141643.1;104811.6;82355.944;22455.654;47892.634;33555.442;18845.435;14710.007;9617.3552;4719.8365;11061.169;29047.2
"FR";1987;"p80p90";144351.3;104922.65;84419.42;20503.226;50757.538;35042.986;19080.45;15962.536;10197.264;5517.2886;11328.855;31677.09
"FR";1988;"p80p90";146819;105301.41;86792.362;18509.046;53469.142;36448.36;19184.699;17263.661;10553.303;6467.4797;11951.541;34284.44
"FR";1989;"p80p90";157632.8;111368.11;91213.276;20154.834;59558.239;36942.258;19941.117;17001.141;14430.383;8185.5982;13293.601;39617.13
"FR";1990;"p80p90";165375.1;117501.9;95214.439;22287.465;62499.311;36995.014;20411.485;16583.529;15385.857;10118.441;14626.158;42087.83
"FR";1991;"p80p90";161128.5;111328.03;92482.146;18845.882;63521.6;37839.655;21020.109;16819.546;14594.913;11087.031;13721.112;42501.49
"FR";1992;"p80p90";167146.8;118352.87;98278.258;20074.612;65343.523;36615.03;18135.851;18479.179;16285.9;12442.592;16549.597;47207.68
"FR";1993;"p80p90";165403.2;108628.41;90690.214;17938.193;72839.517;39320.696;19005.015;20315.681;18183.222;15335.599;16064.766;53834.5
"FR";1994;"p80p90";162760.5;112317.25;94161.11;18156.135;67653.508;38039.613;18835.405;19204.207;12000.857;17613.038;17210.229;48818.1
"FR";1995;"p80p90";163073.8;111965.44;94616.164;17349.274;68935.993;38960.062;19073.241;19886.821;10711.379;19264.552;17827.62;49862.75
"FR";1996;"p80p90";156088.1;112904.16;97106.134;15798.024;62134.392;33116.973;19398.688;13718.285;8086.095;20931.324;18950.48;42735.7
"FR";1997;"p80p90";157834.7;113213.56;96958.689;16254.875;64491.956;31812.331;20138.28;11674.05;7785.5449;24894.081;19870.828;44353.68
"FR";1998;"p80p90";160169.3;113843.13;97846.447;15996.68;67160.918;30395.422;20892.708;9502.7135;7555.7869;29209.709;20834.769;46268.21
"FR";1999;"p80p90";171834.5;120773.08;104318.14;16454.94;73064.163;29869.941;21308.894;8561.0469;8111.6272;35082.594;22002.76;51755.27
"FR";2000;"p80p90";184185.9;129376.32;113091.39;16284.934;77823.101;28868.226;21154.559;7713.6677;8712.2821;40242.592;23013.536;56668.54
"FR";2001;"p80p90";191456.7;135830.13;119124.94;16705.186;78786.991;27602.697;20608.117;6994.5798;8027.787;43156.507;23160.463;58178.87
"FR";2002;"p80p90";199676;147613.03;131330.74;16282.291;75573.95;27319.166;21279.749;6039.4167;7114.2568;41140.527;23511.025;54294.2
"FR";2003;"p80p90";216568.8;161984.95;145632.54;16352.411;77926.759;28350.327;22957.491;5392.8361;6726.8786;42849.554;23342.94;54969.27
"FR";2004;"p80p90";241346.1;187894.77;169586.5;18308.272;77493.912;28797.904;23818.17;4979.7336;7697.3289;40998.679;24042.544;53675.74
"FR";2005;"p80p90";269622.6;211282.99;193137.34;18145.65;83854.147;32097.797;24333.87;7763.9266;5779.9112;45976.439;25514.508;59520.28
"FR";2006;"p80p90";293361.9;228210.2;208751.62;19458.582;90948.653;34443.638;25076.687;9366.9504;6571.6177;49933.397;25796.991;65871.96
"FR";2007;"p80p90";303280.9;239030.69;218771.23;20259.461;90014.973;34996.208;25688.142;9308.0663;6758.0081;48260.757;25764.772;64326.83
"FR";2008;"p80p90";298622.8;236861.02;217055.14;19805.872;87196.175;37899.167;26805.177;11093.991;6486.454;42810.554;25434.392;60391
"FR";2009;"p80p90";289296.8;232516.03;213077.29;19438.747;81688.775;39296.004;28799.829;10496.176;5414.5968;36978.174;24908.016;52888.95
"FR";2010;"p80p90";296786.4;241818.81;220480.08;21338.728;81771.169;40896.615;31391.717;9504.8977;4136.5506;36738.004;26803.552;50379.45
"FR";2011;"p80p90";302172.6;247079.39;225797.82;21281.567;82154.812;40792.445;31556.833;9235.6118;3903.2043;37459.163;27061.576;50597.98
"FR";2012;"p80p90";302265.8;244650.78;224030.52;20620.267;84275.797;42355.82;32192.84;10162.981;3866.2885;38053.688;26660.747;52082.96
"FR";2013;"p80p90";298270.6;238858.67;219365.41;19493.262;85398.964;42468.675;32801.464;9667.2108;4173.0551;38757.233;25987.031;52597.5
"FR";2014;"p80p90";294398.3;233532.33;214963.59;18568.74;86925.734;42905.374;33000.55;9904.8244;4316.5645;39703.795;26059.758;53925.18
"FR";1970;"p90p100";377846.2;258240.84;74763.751;183477.09;131149.03;83679.356;15673.432;68005.929;43213.181;4256.4902;11543.7;115475.6
"FR";1971;"p90p100";379371.7;263869.93;79634.004;184235.93;128022.16;86989.674;16904.614;70085.057;36495.892;4536.6011;12520.463;111117.5
"FR";1972;"p90p100";393072.9;274626.97;84496.808;190130.16;132682.67;90897.766;18313.405;72584.357;36988.929;4795.9783;14236.71;114369.3
"FR";1973;"p90p100";408423.2;285627.72;91183.803;194443.93;138894.21;92734.569;19498.216;73236.358;41145.454;5014.1815;16098.704;119396
"FR";1974;"p90p100";409915.2;295968.23;101082.71;194885.55;130701.94;92081.033;19932.838;72148.196;33543.154;5077.7557;16754.992;110769.1
"FR";1975;"p90p100";408066.3;301804.64;107551.71;194252.94;123161.16;90526.791;20304.672;70222.119;27588.116;5046.2488;16899.458;102856.5
"FR";1976;"p90p100";410568.7;306315.7;113892.79;192422.91;122427.98;91144.591;21384.841;69759.752;26117.816;5165.5667;18174.969;101043.1
"FR";1977;"p90p100";414985.7;312949.1;121872.17;191076.93;121910.79;93748.57;22574.755;71173.815;22410.419;5751.7962;19874.178;99336.03
"FR";1978;"p90p100";434954;326826.97;134876.26;191950.71;127781.09;99745.038;23314.228;76430.814;21836.756;6199.293;19654.046;104466.9
"FR";1979;"p90p100";455996.1;341577.94;148984.9;192593.06;134655.2;106428.14;23902.473;82525.664;21930.288;6296.7752;20237.089;110752.7
"FR";1980;"p90p100";459674.9;344291.22;156433.08;187858.14;137397.01;109914.26;23931.894;85982.358;20955.485;6527.2724;22013.344;113465.1
"FR";1981;"p90p100";451773.3;341802.16;162121.08;179681.09;132596.31;107188.17;24181.961;83006.213;18621.692;6786.4466;22625.167;108414.4
"FR";1982;"p90p100";438374.9;333608.07;163264.78;170343.28;128120.89;103914.55;24961.546;78952.997;17178.379;7027.9694;23353.999;103159.3
"FR";1983;"p90p100";436343.3;330028.59;164957.59;165071.01;130868.76;101512.4;25754.638;75757.763;21867.67;7488.6818;24554.048;105114.1
"FR";1984;"p90p100";437148;325483.74;166984.79;158498.94;138011.55;100092.23;26308.25;73783.974;29623.98;8295.3483;26347.339;111703.3
"FR";1985;"p90p100";438113.5;317413.92;167837.69;149576.23;148775.02;96860.506;26356.385;70504.124;42797.324;9117.1828;28075.407;122418.6
"FR";1986;"p90p100";450886.1;310806.06;169347.85;141458.22;168596.09;92160.659;26211.425;65949.231;66340.823;10094.602;28516.058;142384.7
"FR";1987;"p90p100";464062.4;313143.85;175937.72;137206.13;181079.29;91062.688;26615.64;64447.05;78529.977;11486.619;30160.782;154463.6
"FR";1988;"p90p100";476581.7;315157.43;183246.55;131910.9;194343.87;89883.309;26839.21;63044.1;91354.633;13105.933;32919.601;167504.7
"FR";1989;"p90p100";507563.9;318371.39;194173.33;124198.07;225166.65;90354.407;27224.824;63129.583;119482.14;15330.104;35974.166;197941.8
"FR";1990;"p90p100";515488.6;324904.1;204982.14;119921.97;229497.77;89854.457;27225.905;62628.552;122075.06;17568.254;38913.287;202271.9
"FR";1991;"p90p100";514169.5;327975.99;206566.49;121409.49;228046.59;90662.182;24591.912;66070.267;117683.19;19701.223;41853.084;203454.7
"FR";1992;"p90p100";512067.4;310677.35;204490.13;106187.24;239394.61;93343.897;23722.503;69621.393;122941.57;23109.146;38004.568;215672.1
"FR";1993;"p90p100";510515.6;293626.81;194621.73;99005.063;254791.27;98589.328;23513.507;75075.82;129396.59;26805.338;37902.439;231277.8
"FR";1994;"p90p100";509102.4;286731.02;191933.35;94797.666;261486.79;102553.04;24852.714;77700.325;125157;33776.767;39115.376;236634.1
"FR";1995;"p90p100";512865;279487.73;188432.67;91055.069;272955.72;114072.34;26828.988;87243.355;118202.17;40681.208;39578.457;246126.7
"FR";1996;"p90p100";556842.6;273096.66;182605.96;90490.688;324006.8;137776.96;27937.006;109839.96;136980.14;49249.705;40260.898;296069.8
"FR";1997;"p90p100";587930.9;270482.94;183021.87;87461.068;360278.23;147538.04;29601.993;117936.05;151980.81;60759.367;42830.248;330676.3
"FR";1998;"p90p100";624937.3;273299.71;183698.18;89601.522;395248.77;155173.29;31200.135;123973.16;167233.37;72842.13;43611.286;364048.7
"FR";1999;"p90p100";691084.1;297699.74;198762.79;98936.933;440530.7;157569.83;31768.242;125801.59;203264.06;79696.82;47146.348;408762.5
"FR";2000;"p90p100";747563.2;324315.9;213556.67;110759.22;472996.5;160512.86;31098.183;129414.69;227796.2;84687.438;49749.196;441898.3
"FR";2001;"p90p100";755122.5;349118.78;230411.63;118707.15;459101.33;161761.49;29882.576;131878.91;208434.86;88904.992;53097.623;429218.8
"FR";2002;"p90p100";752839.4;376814.26;249934.37;126879.9;431229.65;159024.22;29692.982;129331.24;179359.63;92845.806;55204.573;401536.7
"FR";2003;"p90p100";793750.1;417988.63;280899.66;137088.99;433712.62;156503.93;30693.714;125810.22;178748.02;98460.657;57951.222;403018.9
"FR";2004;"p90p100";863071.9;472096.82;323302.77;148794.07;452836.07;151437.86;31297.997;120139.87;193252.05;108146.18;61860.959;421538.1
"FR";2005;"p90p100";945736;538411.6;373691.2;164720.39;471280.97;143348.04;33423.132;109924.9;212626.34;115306.58;63956.529;437857.8
"FR";2006;"p90p100";1040549;597520.07;422735.76;174784.33;513162.71;140309.92;36033.272;104276.64;240151.32;132701.46;70133.298;477129.4
"FR";2007;"p90p100";1107515;625986.64;451367.79;174618.85;554865.94;140958.71;38767.364;102191.35;259826.96;154080.3;73337.209;516098.6
"FR";2008;"p90p100";1059909;609675.4;448488.36;161187;525125.3;138434.59;42349.017;96085.584;219286.2;167404.52;74891.423;482776.3
"FR";2009;"p90p100";1037056;582004.28;436012.63;145991.63;531479.96;150299.43;47149.189;103150.24;192618.64;188561.87;76428.088;484330.8
"FR";2010;"p90p100";1109435;594483.9;452818.09;141665.82;593696.69;164918.75;51072.648;113846.1;209472.1;219305.86;78745.26;542624
"FR";2011;"p90p100";1116084;605101.13;463602.25;141498.87;590328.5;166570.84;51124.975;115445.86;204343.53;219414.16;79345.723;539203.6
"FR";2012;"p90p100";1101032;594886.94;459239.66;135647.27;583038.42;158741.35;52221.516;106519.83;206048.15;218248.93;76893.451;530816.9
"FR";2013;"p90p100";1103326;579063.59;450830.14;128233.44;599213.15;154532.37;53208.794;101323.59;222396.82;222283.97;74950.351;546004.4
"FR";2014;"p90p100";1104460;564516.73;442365.13;122151.59;615103.45;157345.78;53531.733;103814.04;230044.92;227712.74;75160.101;561571.8
"FR";1970;"p95p100";564629.3;367411.5;102738.23;264673.26;213310.95;134186.79;18436.053;115750.74;73551.786;5572.3674;16093.13;194874.9
"FR";1971;"p95p100";566317.5;376825.27;110149.91;266675.36;207089.73;139077.56;19891.931;119185.62;62064.379;5947.7842;17597.452;187197.8
"FR";1972;"p95p100";587619.2;393761.67;117628.46;276133.23;214028.7;144884.53;21557.964;123326.56;62847.117;6297.0643;20171.237;192470.8
"FR";1973;"p95p100";611804.9;411073.03;127737.98;283335.08;223723.4;147283.77;22961.476;124322.29;69846.417;6593.2108;22991.524;200761.9
"FR";1974;"p95p100";612690.6;427387.61;142480.32;284907.31;209420.7;145845.14;23482.236;122362.91;56888.986;6686.5861;24117.714;185938.5
"FR";1975;"p95p100";609214.9;437415.18;152516.96;284898.22;196315.21;142914.69;23929.354;118985.34;46745.687;6654.8275;24515.554;172385.8
"FR";1976;"p95p100";610768.9;443394.06;160945.62;282448.44;193595.76;142818.58;25248.804;117569.77;44017.725;6759.4693;26220.963;168347
"FR";1977;"p95p100";614857.9;452336.86;171627.63;280709.24;191036.64;146003.84;26702.276;119301.57;37564.349;7468.4489;28515.546;164334.4
"FR";1978;"p95p100";642903.3;471527.67;189293.25;282234.44;199421.7;155033.37;27626.605;127406.77;36400.904;7987.4308;28046.156;171795.1
"FR";1979;"p95p100";672665.8;491814.8;208389.46;283425.38;209572.62;165170.03;28374.059;136795.97;36352.023;8050.5707;28721.661;181198.5
"FR";1980;"p95p100";677223.8;496469.19;218271.98;278197.2;212089.12;169319.62;28221.002;141098.62;34388.332;8381.1531;31334.496;183868.1
"FR";1981;"p95p100";663214.9;493409.12;225659.16;267749.97;202105.65;163117.13;28329.429;134787.7;30238.4;8750.1139;32299.846;173776.2
"FR";1982;"p95p100";641214.2;482112.46;226703.43;255409.06;192539.57;155853.07;29053.752;126799.31;27588.648;9097.8603;33437.871;163485.8
"FR";1983;"p95p100";636775.4;477533.2;228506.18;249027.05;194500.92;150053.41;29785.406;120268.01;34715.665;9731.8378;35258.673;164715.5
"FR";1984;"p95p100";636747.5;471456.33;230883.31;240573.05;203235.06;145953.43;30233.584;115719.85;46461.071;10820.542;37943.887;173001.5
"FR";1985;"p95p100";640842.1;463382;232967.08;230414.89;218130.5;137950.83;30306.663;107644.17;68426.941;11752.718;40670.393;187823.8
"FR";1986;"p95p100";664025.6;456799.72;235756.1;221043.6;248781.71;127946.23;30157.633;97788.592;107982.24;12853.253;41555.805;218624.1
"FR";1987;"p95p100";686190.5;462808.82;245432.82;217375.98;267601.65;123197.31;30640.615;92556.692;129965.57;14438.783;44219.965;236961
"FR";1988;"p95p100";707473.3;467890.47;256100.65;211789.81;288146.17;118337.91;30916.036;87421.873;153553.77;16254.494;48563.363;257230.1
"FR";1989;"p95p100";750205.4;467377.35;272855.43;194521.91;336466.22;118583.2;30591.326;87991.874;198668.47;19214.537;53638.195;305874.9
"FR";1990;"p95p100";754518.9;472533.72;289770.11;182763.59;340607.06;117581.42;29841.558;87739.863;200766.23;22259.412;58621.79;310765.5
"FR";1991;"p95p100";760583.9;478205.1;286726.21;191478.91;343391.02;121092.64;28164.698;92927.942;196506.48;25791.899;61012.283;315226.3
"FR";1992;"p95p100";752646.6;438298.23;276639.32;161658.91;368381.1;121028.55;25972.308;95056.24;217222.99;30129.563;54032.67;342408.8
"FR";1993;"p95p100";758216.2;412896.3;264834.58;148061.73;399351.95;137484.8;26822.213;110662.6;225762.87;36104.267;54032.047;372529.7
"FR";1994;"p95p100";758830.7;402908.81;258821.95;144086.87;411724.55;146600.46;27893.466;118706.99;219970.26;45153.84;55802.711;383831.1
"FR";1995;"p95p100";767408.4;395284.22;255119.3;140164.92;428845.08;164340.37;29678.056;134662.32;210935.69;53569.009;56720.831;399167
"FR";1996;"p95p100";861611.3;379732.57;240992.03;138740.54;537321.91;219043.89;31803.427;187240.45;253661.7;64616.35;55443.23;505518.5
"FR";1997;"p95p100";923418.1;375309.07;242385.94;132923.13;606819.61;242599.4;33986.204;208613.21;284675.07;79545.146;58710.608;572833.4
"FR";1998;"p95p100";992190.6;379281.32;242546.46;136734.88;672242.16;260129.36;35856.965;224272.39;315301.97;96810.824;59332.892;636385.2
"FR";1999;"p95p100";1106648;416995.25;264937.38;152057.89;755293.87;267087.3;36331.044;230756.26;384245.28;103961.31;65641.149;718962.8
"FR";2000;"p95p100";1201883;456335.55;284773.35;171562.2;815901.43;274797.31;35260.584;239536.73;431452.8;109651.34;70353.661;780640.9
"FR";2001;"p95p100";1208782;500095.96;311379.44;188716.52;786008.77;279630.24;33241.515;246388.73;395628.98;110749.57;77322.337;752767.3
"FR";2002;"p95p100";1193685;546812.33;341047.9;205764.45;729472.2;277243.32;32911.049;244332.29;340247.09;111981.81;82599.413;696561.1
"FR";2003;"p95p100";1252482;609721.86;383359.68;226362.18;729996;273067.3;33618.68;239448.62;340032.84;116895.87;87236.022;696377.3
"FR";2004;"p95p100";1355346;687374.66;440212.31;247162.38;759863.92;264586.87;34373.699;230213.18;369754.93;125522.13;91892.688;725490.2
"FR";2005;"p95p100";1475379;779082.54;507390.69;271691.84;791738.35;235668.36;37161.426;198506.93;409337.71;146732.25;95441.983;754576.9
"FR";2006;"p95p100";1618640;865801.7;584015.05;281786.65;857255.55;220446.13;40318.568;180127.55;457189.96;179619.51;104417.4;816937
"FR";2007;"p95p100";1726507;908448.76;629516.43;278932.3;928690.22;218113.17;43924.227;174188.95;495365.61;215211.45;110631.79;884766
"FR";2008;"p95p100";1638967;882621.97;624891.37;257730.6;868394.28;208225.09;48569.702;159655.39;415339.72;244829.46;112049.59;819824.6
"FR";2009;"p95p100";1597998;836734.81;607826.04;228908.72;875122.96;225601.21;54228.095;171373.11;364376.87;285144.9;113860.09;820894.9
"FR";2010;"p95p100";1725864;847505.81;627085.31;220420.53;994895.64;254203.04;58909.835;195293.21;403533.25;337159.33;116537.18;935985.8
"FR";2011;"p95p100";1734326;866117.3;645942.64;220174.68;986075.57;256841.93;58545.805;198296.12;393352.58;335881.08;117867.5;927529.8
"FR";2012;"p95p100";1705717;847325.16;637553.38;209771.78;971864.4;238996.07;59809.601;179186.47;397102.41;335765.9;113473.03;912054.8
"FR";2013;"p95p100";1715917;824552.91;626246.27;198306.65;1001969.5;231385.74;60940.337;170445.4;428610.11;341973.62;110605.57;941029.2
"FR";2014;"p95p100";1722279;803573.83;614672.42;188901.39;1029620.4;235945.04;61310.207;174634.83;443349.76;350325.57;110915.1;968310.1
"FR";1970;"p99p100";1320500;693839.89;209717.9;484122.01;659308.05;406682.51;21779.516;384902.99;244579.87;8045.6692;32648.301;637528.6
"FR";1971;"p99p100";1313698;721591.65;227776.1;493815.55;628255.56;415628.08;23429.016;392199.03;204232.6;8394.9221;36149.14;604826.6
"FR";1972;"p99p100";1361883;763749.1;246284.83;517464.25;640075.15;426796.52;25315.383;401481.13;204594.46;8684.1757;41940.971;614759.8
"FR";1973;"p99p100";1420351;807815.31;270670.09;537145.25;660904.52;427148.7;26883.077;400265.6;224876.17;8879.6741;48369.255;634021.5
"FR";1974;"p99p100";1407098;851641.74;305404.58;546237.16;606775.31;416902.79;27410.932;389491.85;181082.62;8789.9063;51319.1;579364.4
"FR";1975;"p99p100";1387808;882790.03;330564.3;552225.73;557763.13;402170.11;27849.875;374320.25;147058.93;8534.0581;52744.685;529913.3
"FR";1976;"p99p100";1388303;897468.29;344554.72;552913.57;546586.51;398916.83;29237.312;369679.52;138406.76;9262.9044;55751.791;517349.2
"FR";1977;"p99p100";1392627;917890.76;362898.2;554992.6;534645.93;405696.46;30765.79;374930.67;118053.99;10895.472;59910.112;503880.1
"FR";1978;"p99p100";1459256;958906.06;395301.28;563604.78;558565.19;431864.25;31672.991;400191.24;114337.12;12363.839;58214.826;526892.2
"FR";1979;"p99p100";1531698;1001462.9;429774.42;571688.58;589125.59;461820.92;32370.023;429450.89;114121.85;13182.81;58890.24;556755.6
"FR";1980;"p99p100";1531239;1006740.1;448652.29;558087.84;588791.8;468688;32292.881;436395.1;106357.53;13746.248;64293.266;556498.9
"FR";1981;"p99p100";1479370;996519.54;462290.16;534229.42;549170.82;442761.9;32514.274;410247.63;92035.34;14373.582;66320.871;516656.5
"FR";1982;"p99p100";1411331;969761.1;462884.07;506877.02;510275.58;412774.97;33444.878;379330.1;82533.609;14967.011;68705.826;476830.7
"FR";1983;"p99p100";1389610;956601.85;465015.42;491586.42;505505.37;387535.68;34388.359;353147.32;101936.87;16032.837;72497.679;471117
"FR";1984;"p99p100";1382387;940903.68;468507.69;472396;519556.17;368007.32;35008.019;332999.3;133697.92;17850.926;78073.093;484548.1
"FR";1985;"p99p100";1410408;952559.22;481199.46;471359.73;543758.84;320817.46;34532.339;286285.12;204263.3;18678.093;85910.151;509226.5
"FR";1986;"p99p100";1496889;964434.48;494993.82;469440.66;622535.19;270015.31;33806.107;236209.2;332912.67;19607.222;90080.342;588729.1
"FR";1987;"p99p100";1567668;1000711.6;522906.56;477805.05;665285.91;231908.3;33783.336;198124.97;412324.79;21052.832;98329.141;631502.6
"FR";1988;"p99p100";1638584;1033623.4;553094.42;480529.01;715693.57;193370.03;33518.91;159851.12;499782.38;22541.184;110733.44;682174.6
"FR";1989;"p99p100";1765944;999582.86;582896.49;416686.38;886415.78;207697.24;33788.577;173908.65;654561.35;24157.158;120055.01;852627.3
"FR";1990;"p99p100";1764043;978359.95;613057.32;365302.64;914538.35;219794.96;33582.933;186212.03;669686.15;25057.206;128855.69;880955.4
"FR";1991;"p99p100";1837608;1004748.8;613728.04;391020.73;970138.72;249600.57;30922.234;218678.33;689043.1;31495.041;137279.77;939216.4
"FR";1992;"p99p100";1754489;826973.14;535669.49;291303.65;1042826.8;255315.03;28112.332;227202.7;751315.8;36195.929;115310.61;1014714
"FR";1993;"p99p100";1874689;773264.33;515800.65;257463.72;1219394.8;331630.51;30184.683;301445.82;842798.7;44965.605;117969.98;1189210
"FR";1994;"p99p100";1921420;757352.82;490733.28;266619.54;1279175.5;363769.26;30735.433;333033.82;839197.97;76208.317;115108.7;1248440
"FR";1995;"p99p100";1970569;725733.83;480617.42;245116.37;1358906.6;439788.19;32107.551;407680.63;820460.05;98658.286;114071.43;1326799
"FR";1996;"p99p100";2404496;658914.17;433776.71;225137.48;1851044.2;680170.02;33487.244;646682.8;1039318.3;131555.79;105462.08;1817557
"FR";1997;"p99p100";2693980;641767.62;436283.32;205484.33;2161362;796370.38;35794.981;760575.43;1186667.5;178324.07;109149.67;2125567
"FR";1998;"p99p100";2962081;622779.09;428684.28;194094.82;2444576.6;895546.3;37062.965;858483.33;1319332.2;229698.08;105274.43;2407514
"FR";1999;"p99p100";3381399;682748;465876.65;216871.38;2816084;955108.92;38004.106;917104.87;1622948.1;238026.94;117432.95;2778080
"FR";2000;"p99p100";3682901;730043.84;487625.52;242418.32;3076909.2;1009305.7;37484.427;971821.24;1826348;241255.59;124052.15;3039425
"FR";2001;"p99p100";3640013;814354.58;544576.91;269777.67;2966151;1058724.7;36233.774;1022490.9;1676901.3;230525.06;140492.35;2929917
"FR";2002;"p99p100";3501563;934958.36;618204.8;316753.53;2723357.6;1069434.7;37065.842;1032368.9;1437645.4;216277.58;156753.28;2686292
"FR";2003;"p99p100";3628611;1077551.2;704156.16;373395.05;2720576.9;1066574.2;38510.407;1028063.8;1453344.5;200658.19;169516.95;2682067
"FR";2004;"p99p100";3872359;1221358.6;802090.68;419267.99;2828555.9;1029005.7;39111.953;989893.79;1580520.3;219029.76;177555.92;2789444
"FR";2005;"p99p100";4065513;1453469.1;975482.23;477986.91;2804674.1;785092.25;43497.487;741594.8;1731791.4;287790.36;192630.17;2761177
"FR";2006;"p99p100";4359533;1612767.8;1125436.4;487331.39;2958486;667488.35;46853.78;620634.58;1896030.3;394967.43;211720.89;2911632
"FR";2007;"p99p100";4622627;1668189.8;1214500.2;453689.61;3176365.7;617458.51;50896.802;566561.72;2030661.9;528245.5;221928.82;3125469
"FR";2008;"p99p100";4300561;1627721.3;1216818;410903.21;2899355.2;552654.16;56226.962;496427.19;1705033;641668.1;226515.97;2843128
"FR";2009;"p99p100";4162190;1540961.1;1191203.3;349757.89;2855019.4;593726.1;61759.197;531966.91;1488486;772807.3;233790.57;2793260
"FR";2010;"p99p100";4664952;1535130.2;1199212.3;335917.99;3362835.6;708647.69;65930.463;642717.19;1726172.4;928015.52;233014.11;3296905
"FR";2011;"p99p100";4654910;1553965.5;1223112.3;330853.22;3332520.7;735588.3;65781.169;669807.15;1664656.7;932275.99;231576.81;3266740
"FR";2012;"p99p100";4514294;1485829.9;1187448.4;298381.62;3247252.8;633970.91;66762.486;567208.37;1677300.3;935981.62;218788.66;3180491
"FR";2013;"p99p100";4607201;1449226.9;1167153.4;282073.51;3371233.8;607563.55;68024.671;539538.88;1810384;953286.27;213259.89;3303209
"FR";2014;"p99p100";4671254;1414662.5;1145967.1;268695.36;3470448.1;621237.88;68437.539;552800.33;1872642.1;976568.13;213856.69;3402010
"FR";1970;"p99.5p100";1909591;857227.76;274588.45;582639.29;1095373.4;673133.11;22370.628;650762.44;413515.61;8724.6858;43010.55;1073003
"FR";1971;"p99.5p100";1882767;893232.2;297684.7;595547.48;1037069.7;684252.76;23948.284;660304.51;343845.06;8971.8712;47535.445;1013121
"FR";1972;"p99.5p100";1942361;946627.93;321312.04;625315.91;1050787.9;698709.63;25750.341;672959.3;342939.5;9138.8037;55054.918;1025038
"FR";1973;"p99.5p100";2018941;1002880.9;352538.98;650341.93;1079446.3;695050.18;27210.934;667839.2;375203.67;9192.442;63386.404;1052235
"FR";1974;"p99.5p100";1976544;1059713.6;397149.56;662564.01;983973.76;674349.1;27608.441;646740.64;300682.77;8941.8622;67143.508;956365.3
"FR";1975;"p99.5p100";1929138;1100225.7;429217.89;671007.8;897813.44;646333.35;27911.457;618421.89;242958.97;8521.1431;68901.608;869902
"FR";1976;"p99.5p100";1938738;1131160.7;457643.99;673516.69;881992.93;643167.74;29765.557;613402.17;229655.71;9169.4916;74415.713;852227.4
"FR";1977;"p99.5p100";1953122;1170715.7;492995.35;677720.24;864119.08;656667.3;31807.744;624859.51;196748.81;10703.006;81712.443;832311.3
"FR";1978;"p99.5p100";2064640;1239110.1;549184.69;689925.46;906669.23;703197.46;33244.312;669953.18;191409.77;12061.962;81139.675;873424.9
"FR";1979;"p99.5p100";2189583;1312059.2;610533.69;701525.56;961409.52;756705.84;34483.741;722222.06;191922.57;12781.159;83885.402;926925.8
"FR";1980;"p99.5p100";2174477;1307079.9;632879.81;674200.04;958171.5;766014.43;34489.113;731525.31;178286.2;13870.864;90774.676;923682.4
"FR";1981;"p99.5p100";2078771;1282729.5;647503.48;635226;888852.66;720072.42;34812.726;685259.7;153731.8;15048.455;92810.731;854039.9
"FR";1982;"p99.5p100";1962096;1236806.7;643708.49;593098.23;820587.36;667049.41;35897.764;631151.67;137324.26;16213.665;95297.76;784689.6
"FR";1983;"p99.5p100";1917143;1207936.1;642017.41;565918.72;808872.69;622064.78;37000.573;585064.26;168880.27;17927.622;99665.902;771872.1
"FR";1984;"p99.5p100";1898731;1177290.4;642363.73;534926.75;827817.69;586814.65;37758.045;549056.63;220444.09;20558.948;106377.38;790059.6
"FR";1985;"p99.5p100";1953528;1211342.5;658312.78;553029.67;859163.15;498167.26;37058.078;461109.19;339579.25;21416.64;116977.93;822105.1
"FR";1986;"p99.5p100";2104656;1243024.6;675366.4;567658.23;984209.11;404528.12;36090.109;368438.03;557312.73;22368.275;122578.02;948119
"FR";1987;"p99.5p100";2219629;1304308;711310.84;592997.23;1049041.6;330799.03;35871.388;294927.65;694365.75;23876.844;133720.76;1013170
"FR";1988;"p99.5p100";2337397;1360247.9;750208.18;610039.76;1127649.7;256278.03;35391.589;220886.44;845982.05;25389.609;150501.04;1092258
"FR";1989;"p99.5p100";2580633;1301909.1;786197.43;515711.67;1440921.3;286948.55;35017.154;251931.39;1126804.4;27168.4;162197.33;1405904
"FR";1990;"p99.5p100";2601341;1259702;822524.17;437177.82;1514689.8;314484.44;34156.19;280328.25;1172078.4;28126.942;173050.38;1480534
"FR";1991;"p99.5p100";2741603;1276142.7;816617.45;459525.29;1647168.8;382828.86;31839.804;350989.04;1230315.4;34024.586;181708.81;1615329
"FR";1992;"p99.5p100";2589622;1048905.5;711351.09;337554.42;1702359.7;390609.83;28211.961;362397.87;1280396.5;31353.419;161644.03;1674148
"FR";1993;"p99.5p100";2854523;981616.03;683546.55;298069.43;2034960.8;472225.49;30788.868;441436.64;1517123.1;45612.148;162053.97;2004172
"FR";1994;"p99.5p100";2935839;916201.53;627033.52;289168.02;2170451.8;586307.93;31059.624;555248.3;1506953.2;77190.675;150814.6;2139392
"FR";1995;"p99.5p100";3019047;853096.54;598263.85;254832.67;2310382.1;721371.74;32375.274;688996.49;1458634.6;130375.67;144432.24;2278007
"FR";1996;"p99.5p100";3800938;722393.54;513676.91;208716.62;3203885.4;1161520.4;33331.891;1128188.4;1861742.5;180622.56;125340.71;3170554
"FR";1997;"p99.5p100";4313993;683214.61;505132.05;178082.54;3756219.3;1375009.4;35811.382;1339198;2126451.1;254758.65;125440.78;3720408
"FR";1998;"p99.5p100";4769715;661709.38;495531.93;166177.48;4228528.6;1550142.4;37305.185;1512837.2;2351150.6;327235.54;120522.98;4191223
"FR";1999;"p99.5p100";5455933;710854.97;529318.63;181536.31;4877397.5;1667146.1;38200.746;1628945.5;2878835.2;331416.06;132319.49;4839197
"FR";2000;"p99.5p100";5936043;755593.53;553244.29;202349.24;5319825.5;1750178.6;38030.035;1712148.7;3246583.1;323063.66;139376.33;5281796
"FR";2001;"p99.5p100";5803587;856281.55;628602.87;227678.6;5107617;1837884.7;37096.913;1800787.8;2960911.5;308820.61;160311.89;5070520
"FR";2002;"p99.5p100";5522060;1012370.4;727292.81;285077.64;4693396.8;1876993.8;37875.444;1839118.2;2564751.1;251652.05;183707.58;4655521
"FR";2003;"p99.5p100";5701703;1178070.5;845413.37;332657.19;4724990.6;1878008.8;39341.757;1838667.1;2597170.1;249811.46;201358.68;4685649
"FR";2004;"p99.5p100";6044812;1367837.2;972467.12;395370.07;4890287;1804547.7;40146.005;1764401.7;2820126.1;265613.03;213312.76;4850141
"FR";2005;"p99.5p100";6206829;1665069.8;1209281.8;455788.06;4778029;1344774.1;45583.137;1299190.9;3042914.5;390340.31;236269.7;4732446
"FR";2006;"p99.5p100";6560344;1887718.9;1397767.6;489951.18;4932559.1;1113620.9;50155.204;1063465.7;3279532.9;539405.15;259933.8;4882404
"FR";2007;"p99.5p100";6901901;1971601.4;1524451.1;447150.2;5206472.6;1002015.2;54954.195;947060.99;3488691.4;715766.13;276173.57;5151519
"FR";2008;"p99.5p100";6366365;1958374.9;1552023;406351.82;4696192.8;882656.1;61358.831;821297.26;2943385.2;870151.38;288202.47;4634834
"FR";2009;"p99.5p100";6068681;1842505.7;1511518;330987.68;4521399.1;944569.89;67714.243;876855.67;2552597.8;1024231.3;295223.59;4453685
"FR";2010;"p99.5p100";6968352;1833853.5;1512831.9;321021.64;5427176.8;1150869.2;73570.325;1077298.9;3046644;1229663.4;292678.26;5353606
"FR";2011;"p99.5p100";6886880;1844033.8;1512878.7;331154.96;5326770.1;1202219.5;73333.539;1128886;2903937.7;1220613;283923.79;5253436
"FR";2012;"p99.5p100";6613930;1787276.5;1497061.5;290214.89;5101735.5;1003449.3;74622.425;928826.91;2885249.7;1213036.4;275082.15;5027113
"FR";2013;"p99.5p100";6787125;1746065.8;1471712.6;274353.14;5309190.2;959550.14;76033.207;883516.91;3114176.8;1235463.2;268130.83;5233157
"FR";2014;"p99.5p100";6906214;1706458.6;1445117.4;261341.15;5468635.8;981727.77;76494.678;905233.11;3221271.8;1265636.7;268881.2;5392142
"FR";1970;"p99.9p100";4477812;1102492.4;368349.76;734142.72;3434558.6;2102752.5;19144.872;2083607.6;1323992;7814.2906;59239.91;3415414
"FR";1971;"p99.9p100";4374975;1203917.6;430877.47;773040.11;3241561.6;2133306.1;21191.559;2112114.8;1099856.5;8398.8233;70504.67;3220370
"FR";1972;"p99.9p100";4523372;1331873.4;497499.89;834373.47;3278752.7;2173952.3;23543.096;2150409.3;1095846.8;8953.4072;87254.166;3255210
"FR";1973;"p99.9p100";4728009;1470093.1;579765.82;890327.2;3364565.6;2157459.8;25686.9;2131773;1197667;9438.6156;106650.47;3338879
"FR";1974;"p99.9p100";4556724;1618649.9;689596.93;929052.97;3057354.4;2089000.9;26891.188;2062109.6;958716.38;9637.2081;119280.06;3030463
"FR";1975;"p99.9p100";4397455;1745161.8;782935.37;962226.49;2780926.6;1997520;28033.544;1969486.4;773750.79;9655.9272;128633.49;2752893
"FR";1976;"p99.9p100";4487583;1868986;857623.94;1011362.1;2761311.9;2009737.5;30375.427;1979362;741066.49;10508.069;142715.03;2730937
"FR";1977;"p99.9p100";4581687;2010823;947778.42;1063044.5;2731653.6;2075979.9;32954.573;2043025.4;643285.06;12388.681;160790.27;2698699
"FR";1978;"p99.9p100";4948577;2209614.4;1081691.2;1127923.2;2902604.1;2254403.5;34943.081;2219460.3;634113.57;14087.179;163641.78;2867661
"FR";1979;"p99.9p100";5370560;2423453.7;1230517.2;1192936.6;3120323.5;2461045.3;36747.539;2424297.8;644230.45;15047.917;173217.78;3083576
"FR";1980;"p99.9p100";5215461;2327881.8;1240627.5;1087254.2;3069360;2462177.1;38175.81;2424001.2;590773.79;16409.322;181781.49;3031184
"FR";1981;"p99.9p100";4818213;2199987.5;1232997.7;966989.82;2798231.7;2278217.8;39946.559;2238271.4;502135.88;17877.942;180006.81;2758285
"FR";1982;"p99.9p100";4389972;2036791;1189115.8;847675.27;2531936.7;2071224.5;42624.691;2028599.8;441377.23;19334.947;178756.03;2489312
"FR";1983;"p99.9p100";4169413;1903447.8;1148848.8;754598.97;2446492.1;1892009.1;45387.619;1846621.4;533031.95;21451.114;180527.13;2401105
"FR";1984;"p99.9p100";4038592;1772769.4;1112312;660457.33;2451575.8;1745337.2;47776.462;1697560.7;681564.03;24674.489;185753.19;2403799
"FR";1985;"p99.9p100";4220662;1873858.7;1173656.8;700201.79;2556400.5;1432481.2;44729.97;1387751.3;1098819.8;25099.394;209597.67;2511671
"FR";1986;"p99.9p100";4748325;1969706.2;1236283;733423.27;3003619.6;1107548.2;41369.973;1066178.2;1870583.9;25487.53;225001.16;2962250
"FR";1987;"p99.9p100";5130176;2112648.5;1333622.7;779025.92;3268613.3;840574.33;38848.669;801725.71;2401736.2;26302.841;251085.88;3229765
"FR";1988;"p99.9p100";5560727;2251008.4;1438346.3;812662.19;3598409.9;570866.79;35991.914;534874.87;3000706.7;26836.54;288692.06;3562418
"FR";1989;"p99.9p100";6577318;2135604.1;1465523.7;670080.43;4747596.2;689043.57;35049.575;653994;4029947;28605.833;305882.76;4712547
"FR";1990;"p99.9p100";6772358;2038952.8;1490442.6;548510.32;5054131.4;799478.48;33625.517;765852.98;4225182.1;29470.993;320726.7;5020506
"FR";1991;"p99.9p100";7432468;2004318.9;1490527.5;513791.36;5768821.7;1149215.3;29349.022;1119866.3;4592521.5;27085.025;340672.65;5739473
"FR";1992;"p99.9p100";6817853;1459272.8;1108579;350693.92;5617750.7;1104517.4;25275.202;1079242.3;4480760;32473.371;259171.18;5592476
"FR";1993;"p99.9p100";7886425;1484806.2;1189115;295691.23;6695678.9;1305465.2;28596.6;1276868.6;5345315.3;44898.511;294059.97;6667082
"FR";1994;"p99.9p100";8157128;1215414.5;943360.56;272053.9;7176943.2;1772662.2;28746.633;1743915.6;5330606.2;73675.206;235230.23;7148197
"FR";1995;"p99.9p100";8306168;1145974.9;913474.32;232500.56;7388704.3;2219274.1;30500.968;2188773.2;5063035.9;106393.91;228511.27;7358203
"FR";1996;"p99.9p100";1.08e+07;894511.65;722534.27;171977.36;10040294;3650666.8;31440.864;3619225.9;6246862.7;142765.2;183283.84;1.00e+07
"FR";1997;"p99.9p100";1.23e+07;839695;676349.82;163345.19;11608119;4257577.8;33779.799;4223797.9;7143406.4;207134.46;175020.07;1.16e+07
"FR";1998;"p99.9p100";1.34e+07;806762.15;652204.23;154557.91;12751945;4716251.5;35696.328;4680555.3;7793411.5;242281.8;166236.77;1.27e+07
"FR";1999;"p99.9p100";1.53e+07;902713.92;709182.71;193531.2;14590451;5030211.2;37631.914;4992579.3;9297358.2;262881.68;183641.62;1.46e+07
"FR";2000;"p99.9p100";1.66e+07;934942.4;734903.67;200038.77;15878969;5186381.2;37407.17;5148974.4;10432723;259864.27;189439.42;1.58e+07
"FR";2001;"p99.9p100";1.63e+07;1059287.8;855259.16;204028.74;15453324;5559928.5;37137.633;5522790.6;9648200.5;245194.9;221961.03;1.54e+07
"FR";2002;"p99.9p100";1.53e+07;1266518.7;1013596.5;252922.24;14318005;5742281.4;37749.087;5704532.3;8356958.3;218765.6;257712.33;1.43e+07
"FR";2003;"p99.9p100";1.57e+07;1476770.9;1199512.6;277258.24;14525986;5791891.5;39453.231;5752438.5;8503994.8;230098.95;286810.17;1.45e+07
"FR";2004;"p99.9p100";1.64e+07;1731037.9;1381908.9;349129.04;15015656;5479708.3;40729.767;5438978.1;9303604.9;232342.3;302923.39;1.50e+07
"FR";2005;"p99.9p100";1.61e+07;2352288.7;1890391.1;461897.55;14155989;4282342.7;45391.349;4236951.6;9493795.2;379850.41;372466.83;1.41e+07
"FR";2006;"p99.9p100";1.67e+07;2828432.2;2245759.1;582672.98;14279069;3410364.1;50086.355;3360277.8;10292942;575763.13;422454.56;1.42e+07
"FR";2007;"p99.9p100";1.70e+07;3142665.9;2567373.2;575292.72;14335450;2996266.4;55392.613;2940873.8;10599691;739492.67;476453.12;1.43e+07
"FR";2008;"p99.9p100";1.56e+07;3242563.1;2731834.7;510728.26;12901818;2608284.3;61496.897;2546787.3;9403447.4;890086.29;525081;1.28e+07
"FR";2009;"p99.9p100";1.42e+07;3040094.6;2634238.8;405855.66;11703699;2714230;70290.424;2643939.5;7878847.4;1110622.5;535473.91;1.16e+07
"FR";2010;"p99.9p100";1.75e+07;3013813.8;2584296.5;429517.37;14995309;3459629.1;74783.674;3384845.5;10241941;1293738.4;527177.66;1.49e+07
"FR";2011;"p99.9p100";1.68e+07;2975258.9;2522240.4;453018.58;14349027;3600752.2;74986.963;3525765.2;9472382.6;1275892.5;497967.45;1.43e+07
"FR";2012;"p99.9p100";1.55e+07;2889721.5;2519555.3;370166.2;13061551;2795109.2;74101.235;2721007.9;9029404.5;1237037.9;485066.37;1.30e+07
"FR";2013;"p99.9p100";1.60e+07;2828142.1;2478207.4;349934.67;13669515;2663773.9;75502.162;2588271.9;9745832.6;1259908.5;472808.74;1.36e+07
"FR";2014;"p99.9p100";1.64e+07;2767422.1;2434084;333338.02;14099516;2727850.1;75960.411;2651889.8;10080987;1290678.9;474131.95;1.40e+07
