currency;lcu_to_usd;year
ANG;1,790000e+00;1999
AUD;1,525918e+00;1999
AWG;1,790000e+00;1999
BBD;2,000000e+00;1999
BMD;1,000000e+00;1999
BRL;1,806813e+00;1999
BSD;1,000000e+00;1999
CAD;1,447219e+00;1999
CHF;1,592193e+00;1999
CNY;8,274750e+00;1999
CYP;5,729760e-01;1999
CZK;3,595445e+01;1999
DKK;7,396185e+00;1999
EEK;1,556541e+01;1999
EUR;9,918740e-01;1999
FKP;6,188770e-01;1999
GBP;6,185920e-01;1999
GRD;3,300213e+02;1999
HKD;7,772905e+00;1999
HUF;2,517669e+02;1999
IDR;7,049720e+03;1999
IEP;7,826290e-01;1999
INR;4,350207e+01;1999
ISK;7,249313e+01;1999
JPY;1,022115e+02;1999
KPW;9,000000e+02;1999
KRW;1,135107e+03;1999
LKR;7,175000e+01;1999
LTL;4,000000e+00;1999
LVL;5,854070e-01;1999
MTL;4,121780e-01;1999
MXN;9,477049e+00;1999
MYR;3,799848e+00;1999
NOK;8,014879e+00;1999
NZD;1,914647e+00;1999
PAB;1,000000e+00;1999
PHP;4,024963e+01;1999
PLN;4,139658e+00;1999
RON;1,827026e+00;1999
RUB;2,748277e+01;1999
SAR;3,750770e+00;1999
SEK;8,514611e+00;1999
SGD;1,666412e+00;1999
SHP;6,188770e-01;1999
SIT;1,975039e+02;1999
SKK;4,213974e+01;1999
THB;3,770041e+01;1999
TRY;5,405080e-01;1999
TWD;3,137949e+01;1999
USD;1,000000e+00;1999
VEF;6,468200e-01;1999
XDR;7,294450e-01;1999
XPF;1,187853e+02;1999
ZAR;6,159078e+00;1999
AED;3,672460e+00;2000
ALL;1,454616e+02;2000
ANG;1,790000e+00;2000
ARS;1,004842e+00;2000
AUD;1,798329e+00;2000
AWG;1,790000e+00;2000
BBD;2,000000e+00;2000
BDT;5,503224e+01;2000
BGN;2,105499e+00;2000
BHD;3,764150e-01;2000
BIF;7,510521e+02;2000
BMD;1,000000e+00;2000
BND;1,753896e+00;2000
BOB;6,469962e+00;2000
BRL;1,962433e+00;2000
BSD;1,000000e+00;2000
BTN;4,726878e+01;2000
BWP;5,438796e+00;2000
BZD;2,000000e+00;2000
CAD;1,500253e+00;2000
CHF;1,625430e+00;2000
CLP;5,762672e+02;2000
CNY;8,270000e+00;2000
COP;2,245179e+03;2000
CRC;3,229554e+02;2000
CVE;1,184976e+02;2000
CYP;6,190200e-01;2000
CZK;3,777174e+01;2000
DJF;1,777210e+02;2000
DKK;8,019889e+00;2000
DOP;1,621333e+01;2000
DZD;7,687351e+01;2000
EEK;1,677026e+01;2000
EGP;3,843554e+00;2000
ETB;8,329715e+00;2000
EUR;1,068246e+00;2000
FJD;2,202149e+00;2000
FKP;6,697580e-01;2000
GBP;6,697580e-01;2000
GIP;6,779150e-01;2000
GMD;1,599807e+01;2000
GNF;1,903740e+03;2000
GRD;3,656846e+02;2000
GTQ;7,776572e+00;2000
GYD;1,827781e+02;2000
HKD;7,800102e+00;2000
HNL;1,529049e+01;2000
HRK;8,199248e+00;2000
HTG;2,126545e+01;2000
HUF;2,852537e+02;2000
IDR;9,923579e+03;2000
IEP;8,419440e-01;2000
ILS;4,073658e+00;2000
INR;4,699259e+01;2000
IQD;1,994949e+03;2000
IRR;1,777442e+03;2000
ISK;8,468565e+01;2000
JMD;4,567104e+01;2000
JOD;7,095000e-01;2000
JPY;1,147268e+02;2000
KES;7,874755e+01;2000
KHR;3,883837e+03;2000
KMF;5,287136e+02;2000
KPW;2,227727e+00;2000
KRW;1,265410e+03;2000
KWD;3,076330e-01;2000
KZT;1,474369e+02;2000
LAK;7,696196e+03;2000
LBP;1,521009e+03;2000
LKR;8,390951e+01;2000
LSL;6,318216e+00;2000
LTL;4,000967e+00;2000
LVL;6,194520e-01;2000
LYD;5,518540e-01;2000
MAD;1,069178e+01;2000
MMK;6,608705e+00;2000
MNT;1,111091e+03;2000
MOP;8,033889e+00;2000
MRO;2,608651e+02;2000
MTL;4,388780e-01;2000
MUR;2,832026e+01;2000
MVR;1,177000e+01;2000
MWK;4,808727e+01;2000
MXN;9,693666e+00;2000
MYR;3,799695e+00;2000
NAD;7,583987e+00;2000
NGN;1,118829e+02;2000
NIO;1,306276e+01;2000
NOK;8,856860e+00;2000
NPR;7,551961e+01;2000
NZD;2,265584e+00;2000
OMR;3,844970e-01;2000
PAB;1,000000e+00;2000
PEN;3,548277e+00;2000
PGK;3,096292e+00;2000
PHP;5,036459e+01;2000
PKR;5,838336e+01;2000
PLN;4,137346e+00;2000
PYG;3,594605e+03;2000
QAR;3,640000e+00;2000
RON;2,603462e+00;2000
RUB;2,890951e+01;2000
SAR;3,750470e+00;2000
SBD;5,226975e+00;2000
SCR;6,339710e+00;2000
SEK;9,457995e+00;2000
SGD;1,733524e+00;2000
SHP;6,697580e-01;2000
SIT;2,285741e+02;2000
SKK;4,715585e+01;2000
SLL;1,922934e+03;2000
SOS;2,653176e+03;2000
SVC;8,865556e+00;2000
SYP;4,681247e+01;2000
SZL;7,727888e+00;2000
THB;4,366152e+01;2000
TND;1,383987e+00;2000
TOP;2,006018e+00;2000
TRY;6,732180e-01;2000
TTD;6,250500e+00;2000
TWD;3,329374e+01;2000
TZS;8,201805e+02;2000
UAH;5,502740e+00;2000
UGX;1,782139e+03;2000
USD;1,000000e+00;2000
VEF;7,087900e-01;2000
VND;1,474895e+04;2000
VUV;1,453100e+02;2000
WST;3,128748e+00;2000
XAF;7,049511e+02;2000
XCD;2,745150e+00;2000
XDR;7,552110e-01;2000
XOF;7,049511e+02;2000
XPF;1,282447e+02;2000
ZAR;7,570363e+00;2000
ZMK;2,916174e+03;2000
ZWD;5,589382e+01;2000
AED;3,672460e+00;2001
ALL;1,376943e+02;2001
AMD;5,681096e+02;2001
ANG;1,790000e+00;2001
ARS;1,000337e+00;2001
AUD;1,958286e+00;2001
AWG;1,790000e+00;2001
BBD;2,000000e+00;2001
BDT;5,723828e+01;2001
BGN;2,201264e+00;2001
BHD;3,764300e-01;2001
BIF;8,510836e+02;2001
BMD;1,000000e+00;2001
BND;1,856598e+00;2001
BOB;6,813684e+00;2001
BRL;2,319496e+00;2001
BSD;1,000000e+00;2001
BTN;4,848508e+01;2001
BWP;7,023613e+00;2001
BYR;1,554340e+03;2001
BZD;2,000000e+00;2001
CAD;1,593250e+00;2001
CDF;3,060354e+02;2001
CHF;1,663638e+00;2001
CLP;6,605727e+02;2001
CNY;8,274975e+00;2001
COP;2,293699e+03;2001
CRC;3,396267e+02;2001
CVE;1,251129e+02;2001
CYP;6,554150e-01;2001
CZK;3,611905e+01;2001
DJF;1,777210e+02;2001
DKK;8,379779e+00;2001
DOP;1,690446e+01;2001
DZD;7,681263e+01;2001
EEK;1,781125e+01;2001
EGP;4,575561e+00;2001
ETB;8,451242e+00;2001
EUR;1,124966e+00;2001
FJD;2,318802e+00;2001
FKP;6,885790e-01;2001
GBP;6,878270e-01;2001
GEL;2,030421e+00;2001
GIP;6,923400e-01;2001
GMD;1,732123e+01;2001
GNF;1,980132e+03;2001
GTQ;7,990843e+00;2001
GYD;1,809259e+02;2001
HKD;7,798556e+00;2001
HNL;1,588211e+01;2001
HRK;8,340043e+00;2001
HTG;2,583161e+01;2001
HUF;2,779902e+02;2001
IDR;1,023328e+04;2001
IEP;8,885700e-01;2001
ILS;4,415627e+00;2001
INR;4,833357e+01;2001
IQD;3,125020e+03;2001
IRR;1,750210e+03;2001
ISK;1,038012e+02;2001
JMD;4,729116e+01;2001
JOD;7,089000e-01;2001
JPY;1,312737e+02;2001
KES;7,883961e+01;2001
KGS;4,779530e+01;2001
KHR;3,835141e+03;2001
KMF;5,582299e+02;2001
KPW;2,211290e+00;2001
KRW;1,315196e+03;2001
KWD;3,076890e-01;2001
KZT;1,507568e+02;2001
LAK;7,600669e+03;2001
LBP;1,510605e+03;2001
LKR;9,332218e+01;2001
LSL;1,212697e+01;2001
LTL;3,997277e+00;2001
LVL;6,312270e-01;2001
LYD;6,539750e-01;2001
MAD;1,161001e+01;2001
MDL;1,307058e+01;2001
MKD;6,962941e+01;2001
MMK;6,810609e+00;2001
MNT;1,085479e+03;2001
MOP;8,031850e+00;2001
MRO;2,640338e+02;2001
MTL;4,536520e-01;2001
MUR;3,049541e+01;2001
MVR;1,177000e+01;2001
MWK;6,735221e+01;2001
MXN;9,176183e+00;2001
MYR;3,799848e+00;2001
NAD;1,191115e+01;2001
NGN;1,206105e+02;2001
NIO;1,383331e+01;2001
NOK;8,988000e+00;2001
NPR;7,692171e+01;2001
NZD;2,403539e+00;2001
OMR;3,844970e-01;2001
PAB;1,000000e+00;2001
PEN;3,449333e+00;2001
PGK;3,822421e+00;2001
PHP;5,165485e+01;2001
PKR;6,053173e+01;2001
PLN;3,966073e+00;2001
PYG;4,658709e+03;2001
QAR;3,640000e+00;2001
RON;3,144700e+00;2001
RUB;3,034506e+01;2001
RWF;4,528424e+02;2001
SAR;3,749765e+00;2001
SBD;5,658573e+00;2001
SCR;5,768739e+00;2001
SEK;1,048758e+01;2001
SGD;1,848856e+00;2001
SHP;6,885790e-01;2001
SIT;2,470880e+02;2001
SKK;4,874361e+01;2001
SLL;1,974957e+03;2001
SOS;2,619925e+03;2001
STD;8,936957e+03;2001
SVC;8,795019e+00;2001
SYP;4,589811e+01;2001
SZL;1,211596e+01;2001
THB;4,428666e+01;2001
TJS;2,412050e+00;2001
TND;1,471247e+00;2001
TOP;1,937286e+00;2001
TRY;1,443440e+00;2001
TTD;6,250500e+00;2001
TWD;3,503282e+01;2001
TZS;9,119834e+02;2001
UAH;5,329536e+00;2001
UGX;1,731113e+03;2001
USD;1,000000e+00;2001
UZS;1,731113e+03;2001
VEF;7,646700e-01;2001
VND;1,515509e+04;2001
VUV;1,462147e+02;2001
WST;3,538659e+00;2001
XAF;7,443061e+02;2001
XCD;2,713707e+00;2001
XDR;8,005210e-01;2001
XOF;7,443061e+02;2001
XPF;1,354042e+02;2001
YER;1,706944e+02;2001
ZAR;1,191035e+01;2001
ZMK;3,778815e+03;2001
ZWD;5,572779e+01;2001
AED;3,672460e+00;2002
ALL;1,310937e+02;2002
AMD;5,579098e+02;2002
ANG;1,790000e+00;2002
ARS;3,372193e+00;2002
AUD;1,778260e+00;2002
AWG;1,790000e+00;2002
BBD;2,000000e+00;2002
BDT;5,762477e+01;2002
BGN;1,871273e+00;2002
BHD;3,764500e-01;2002
BIF;1,033356e+03;2002
BMD;1,000000e+00;2002
BND;1,734233e+00;2002
BOB;7,496129e+00;2002
BRL;3,539602e+00;2002
BSD;1,000000e+00;2002
BTN;4,792553e+01;2002
BWP;5,436569e+00;2002
BYR;1,907514e+03;2002
BZD;2,000000e+00;2002
CAD;1,577803e+00;2002
CDF;3,430533e+02;2002
CHF;1,383259e+00;2002
CLP;7,197342e+02;2002
CNY;8,276837e+00;2002
COP;2,854918e+03;2002
CRC;3,780900e+02;2002
CVE;1,051416e+02;2002
CYP;5,454210e-01;2002
CZK;3,011308e+01;2002
DJF;1,777210e+02;2002
DKK;7,084771e+00;2002
DOP;2,025538e+01;2002
DZD;7,878655e+01;2002
EEK;1,489575e+01;2002
EGP;4,622720e+00;2002
ETB;8,344922e+00;2002
EUR;9,529550e-01;2002
FJD;2,050710e+00;2002
FKP;6,203960e-01;2002
GBP;6,207210e-01;2002
GEL;2,173729e+00;2002
GIP;6,201000e-01;2002
GMD;2,236130e+01;2002
GNF;1,969877e+03;2002
GTQ;7,575770e+00;2002
GYD;1,779928e+02;2002
HKD;7,798813e+00;2002
HNL;1,691056e+01;2002
HRK;7,113425e+00;2002
HTG;3,579937e+01;2002
HUF;2,258060e+02;2002
IDR;8,984463e+03;2002
IEP;7,744360e-01;2002
ILS;4,741229e+00;2002
INR;4,794789e+01;2002
IQD;3,107110e+03;2002
IRR;7,944360e+03;2002
ISK;8,080481e+01;2002
JMD;5,026137e+01;2002
JOD;7,093000e-01;2002
JPY;1,186907e+02;2002
KES;7,708593e+01;2002
KGS;4,836750e+01;2002
KHR;3,813426e+03;2002
KMF;4,691218e+02;2002
KPW;2,198427e+00;2002
KRW;1,186847e+03;2002
KWD;2,992600e-01;2002
KZT;1,549614e+02;2002
LAK;1,067295e+04;2002
LBP;1,511829e+03;2002
LKR;9,663999e+01;2002
LSL;8,587680e+00;2002
LTL;3,292171e+00;2002
LVL;5,854870e-01;2002
LYD;1,213979e+00;2002
MAD;1,015248e+01;2002
MDL;1,377134e+01;2002
MKD;5,851473e+01;2002
MMK;6,277324e+00;2002
MNT;1,118633e+03;2002
MOP;8,032271e+00;2002
MRO;2,615810e+02;2002
MTL;3,977660e-01;2002
MUR;2,902918e+01;2002
MVR;1,177000e+01;2002
MWK;8,660608e+01;2002
MXN;1,043589e+01;2002
MYR;3,800102e+00;2002
NAD;8,554191e+00;2002
NGN;1,247611e+02;2002
NIO;1,456403e+01;2002
NOK;6,938773e+00;2002
NPR;7,644798e+01;2002
NZD;1,906938e+00;2002
OMR;3,844970e-01;2002
PAB;1,000000e+00;2002
PEN;3,514794e+00;2002
PGK;3,891246e+00;2002
PHP;5,355819e+01;2002
PKR;5,812436e+01;2002
PLN;3,834271e+00;2002
PYG;7,144827e+03;2002
QAR;3,640000e+00;2002
RON;3,338277e+00;2002
RUB;3,187599e+01;2002
RWF;4,971012e+02;2002
SAR;3,749765e+00;2002
SBD;7,283217e+00;2002
SCR;5,613522e+00;2002
SEK;8,707717e+00;2002
SGD;1,735094e+00;2002
SHP;6,203960e-01;2002
SIT;2,184508e+02;2002
SKK;3,971019e+01;2002
SLL;2,008429e+03;2002
SOS;2,604863e+03;2002
STD;9,012587e+03;2002
SVC;8,744713e+00;2002
SYP;5,120254e+01;2002
SZL;8,579107e+00;2002
THB;4,317034e+01;2002
TJS;2,950405e+00;2002
TND;1,336150e+00;2002
TOP;2,209345e+00;2002
TRY;1,664161e+00;2002
TTD;6,250500e+00;2002
TWD;3,470913e+01;2002
TZS;9,622485e+02;2002
UAH;5,329913e+00;2002
UGX;1,842577e+03;2002
USD;1,000000e+00;2002
UZS;1,828655e+03;2002
VEF;1,392165e+00;2002
VND;1,538986e+04;2002
VUV;1,462147e+02;2002
WST;3,538659e+00;2002
XAF;6,252867e+02;2002
XCD;2,698884e+00;2002
XDR;7,378080e-01;2002
XOF;6,254954e+02;2002
XPF;1,137901e+02;2002
YER;1,713636e+02;2002
ZAR;8,586564e+00;2002
ZMK;4,548310e+03;2002
ZWD;5,542968e+01;2002
AED;3,672460e+00;2003
ALL;1,138389e+02;2003
AMD;5,549235e+02;2003
ANG;1,790000e+00;2003
ARS;2,938840e+00;2003
AUD;1,329903e+00;2003
AWG;1,790000e+00;2003
BBD;2,000000e+00;2003
BDT;5,859141e+01;2003
BGN;1,548508e+00;2003
BHD;3,765000e-01;2003
BIF;1,060285e+03;2003
BMD;1,000000e+00;2003
BND;1,698480e+00;2003
BOB;7,801626e+00;2003
BRL;2,900058e+00;2003
BSD;1,000000e+00;2003
BTN;4,552220e+01;2003
BWP;4,616297e+00;2003
BYR;2,162841e+03;2003
BZD;2,000000e+00;2003
CAD;1,289857e+00;2003
CDF;3,672775e+02;2003
CHF;1,237046e+00;2003
CLP;5,956504e+02;2003
CNY;8,275696e+00;2003
COP;2,778834e+03;2003
CRC;4,187015e+02;2003
CVE;8,730166e+01;2003
CYP;4,652980e-01;2003
CZK;2,575626e+01;2003
DJF;1,777210e+02;2003
DKK;5,901719e+00;2003
DOP;3,274502e+01;2003
DZD;7,216476e+01;2003
EEK;1,235702e+01;2003
EGP;6,164403e+00;2003
ETB;8,550644e+00;2003
EUR;7,941120e-01;2003
FJD;1,742670e+00;2003
FKP;5,593680e-01;2003
GBP;5,594870e-01;2003
GEL;2,156160e+00;2003
GIP;5,575390e-01;2003
GMD;3,173028e+01;2003
GNF;2,005145e+03;2003
GTQ;8,020850e+00;2003
GYD;1,790022e+02;2003
HKD;7,763587e+00;2003
HNL;1,774008e+01;2003
HRK;6,077469e+00;2003
HTG;4,079315e+01;2003
HUF;2,079622e+02;2003
IDR;8,463538e+03;2003
IEP;7,107230e-01;2003
ILS;4,380669e+00;2003
INR;4,557643e+01;2003
IQD;3,109180e+03;2003
IRR;8,302560e+03;2003
ISK;7,083135e+01;2003
JMD;5,995805e+01;2003
JOD;7,090000e-01;2003
JPY;1,071444e+02;2003
KES;7,595600e+01;2003
KGS;4,307586e+01;2003
KHR;3,970419e+03;2003
KMF;3,895234e+02;2003
KPW;2,200060e+00;2003
KRW;1,192072e+03;2003
KWD;2,944700e-01;2003
KZT;1,431949e+02;2003
LAK;1,049661e+04;2003
LBP;1,515119e+03;2003
LKR;9,637993e+01;2003
LSL;6,611065e+00;2003
LTL;2,733492e+00;2003
LVL;5,324620e-01;2003
LYD;1,213979e+00;2003
MAD;8,763617e+00;2003
MDL;1,312391e+01;2003
MKD;4,858622e+01;2003
MMK;5,746889e+00;2003
MNT;1,120437e+03;2003
MOP;7,996078e+00;2003
MRO;2,570924e+02;2003
MTL;3,428160e-01;2003
MUR;2,575816e+01;2003
MVR;1,177000e+01;2003
MWK;1,060064e+02;2003
MXN;1,123297e+01;2003
MYR;3,800558e+00;2003
NAD;6,611065e+00;2003
NGN;1,395537e+02;2003
NIO;1,522000e+01;2003
NOK;6,661154e+00;2003
NPR;7,300423e+01;2003
NZD;1,524466e+00;2003
OMR;3,844970e-01;2003
PAB;1,000000e+00;2003
PEN;3,469040e+00;2003
PGK;3,260298e+00;2003
PHP;5,554982e+01;2003
PKR;5,746101e+01;2003
PLN;3,722803e+00;2003
PYG;5,975683e+03;2003
QAR;3,640000e+00;2003
RON;3,270462e+00;2003
RUB;2,930008e+01;2003
RWF;5,304555e+02;2003
SAR;3,749065e+00;2003
SBD;7,408337e+00;2003
SCR;5,180144e+00;2003
SEK;7,191989e+00;2003
SGD;1,698467e+00;2003
SHP;5,593680e-01;2003
SIT;1,882577e+02;2003
SKK;3,249818e+01;2003
SLL;2,450052e+03;2003
SOS;2,620065e+03;2003
STD;8,700195e+03;2003
SVC;8,750673e+00;2003
SYP;5,123072e+01;2003
SZL;6,610431e+00;2003
THB;3,962785e+01;2003
TJS;2,677200e+00;2003
TND;1,221330e+00;2003
TOP;2,062557e+00;2003
TRY;1,401814e+00;2003
TTD;6,250500e+00;2003
TWD;3,398672e+01;2003
TZS;1,062858e+03;2003
UAH;5,333019e+00;2003
UGX;1,944239e+03;2003
USD;1,000000e+00;2003
UYU;2,925792e+01;2003
UZS;9,346880e+02;2003
VEF;1,599873e+00;2003
VND;1,564905e+04;2003
VUV;1,142655e+02;2003
WST;2,823101e+00;2003
XAF;5,197039e+02;2003
XCD;2,670210e+00;2003
XDR;6,754320e-01;2003
XOF;5,193642e+02;2003
XPF;9,448274e+01;2003
YER;1,780103e+02;2003
ZAR;6,639719e+00;2003
ZMK;4,619592e+03;2003
ZWD;8,119739e+02;2003
AED;3,672530e+00;2004
ALL;9,230246e+01;2004
AMD;4,840175e+02;2004
ANG;1,790000e+00;2004
ARS;2,967639e+00;2004
AUD;1,280385e+00;2004
AWG;1,790000e+00;2004
BBD;2,000000e+00;2004
BDT;6,018359e+01;2004
BGN;1,435919e+00;2004
BHD;3,764000e-01;2004
BIF;1,068278e+03;2004
BMD;1,000000e+00;2004
BND;1,632864e+00;2004
BOB;8,027737e+00;2004
BRL;2,669684e+00;2004
BSD;1,000000e+00;2004
BTN;4,345641e+01;2004
BWP;4,281230e+00;2004
BYR;2,174209e+03;2004
BZD;1,990000e+00;2004
CAD;1,203212e+00;2004
CDF;4,287993e+02;2004
CHF;1,136889e+00;2004
CLP;5,586171e+02;2004
CNY;8,275583e+00;2004
COP;2,360087e+03;2004
CRC;4,578419e+02;2004
CVE;8,095000e+01;2004
CYP;4,272210e-01;2004
CZK;2,235446e+01;2004
DJF;1,777210e+02;2004
DKK;5,470335e+00;2004
DOP;2,797504e+01;2004
DZD;7,207312e+01;2004
EEK;1,153266e+01;2004
EGP;6,154013e+00;2004
ETB;8,593037e+00;2004
EUR;7,374890e-01;2004
FJD;1,642376e+00;2004
FKP;5,196100e-01;2004
GBP;5,202950e-01;2004
GEL;1,779219e+00;2004
GIP;5,181740e-01;2004
GMD;2,947604e+01;2004
GNF;2,799712e+03;2004
GTQ;7,742586e+00;2004
GYD;1,790409e+02;2004
HKD;7,772853e+00;2004
HNL;1,861016e+01;2004
HRK;5,626671e+00;2004
HTG;3,597120e+01;2004
HUF;1,804811e+02;2004
IDR;9,248196e+03;2004
IEP;6,880390e-01;2004
ILS;4,327594e+00;2004
INR;4,344638e+01;2004
IQD;1,460200e+03;2004
IRR;8,786000e+03;2004
ISK;6,137582e+01;2004
JMD;6,122802e+01;2004
JOD;7,090100e-01;2004
JPY;1,025889e+02;2004
KES;7,960442e+01;2004
KGS;4,143880e+01;2004
KHR;3,848987e+03;2004
KMF;3,611835e+02;2004
KPW;2,200088e+00;2004
KRW;1,034456e+03;2004
KWD;2,947310e-01;2004
KZT;1,299978e+02;2004
LAK;1,083722e+04;2004
LBP;1,513130e+03;2004
LKR;1,046508e+02;2004
LRD;4,700183e+01;2004
LSL;5,639993e+00;2004
LTL;2,534909e+00;2004
LVL;5,136430e-01;2004
LYD;1,297843e+00;2004
MAD;8,210651e+00;2004
MDL;1,234165e+01;2004
MKD;4,505132e+01;2004
MMK;5,497219e+00;2004
MNT;1,215461e+03;2004
MOP;8,008033e+00;2004
MRO;2,628563e+02;2004
MTL;3,202780e-01;2004
MUR;2,821617e+01;2004
MVR;1,228500e+01;2004
MWK;1,079331e+02;2004
MXN;1,115995e+01;2004
MYR;3,800956e+00;2004
NAD;5,639993e+00;2004
NGN;1,325183e+02;2004
NIO;1,618167e+01;2004
NOK;6,055757e+00;2004
NPR;7,074984e+01;2004
NZD;1,386737e+00;2004
OMR;3,844970e-01;2004
PAB;1,000000e+00;2004
PEN;3,279349e+00;2004
PGK;3,067611e+00;2004
PHP;5,619766e+01;2004
PKR;5,960528e+01;2004
PLN;2,998679e+00;2004
PYG;6,109551e+03;2004
QAR;3,640000e+00;2004
RON;2,899533e+00;2004
RUB;2,782118e+01;2004
RWF;5,535806e+02;2004
SAR;3,750185e+00;2004
SBD;7,247607e+00;2004
SCR;5,464530e+00;2004
SEK;6,636186e+00;2004
SGD;1,633346e+00;2004
SHP;5,196100e-01;2004
SIT;1,754121e+02;2004
SKK;2,855246e+01;2004
SLL;2,429855e+03;2004
SOS;3,090806e+03;2004
STD;9,046221e+03;2004
SVC;8,751917e+00;2004
SYP;5,211498e+01;2004
SZL;5,639898e+00;2004
THB;3,889890e+01;2004
TJS;2,785023e+00;2004
TND;1,197711e+00;2004
TOP;1,917001e+00;2004
TRY;1,348065e+00;2004
TTD;6,237750e+00;2004
TWD;3,175269e+01;2004
TZS;1,035750e+03;2004
UAH;5,301402e+00;2004
UGX;1,734757e+03;2004
USD;1,000000e+00;2004
UYU;2,623101e+01;2004
UZS;1,056765e+03;2004
VEF;1,916042e+00;2004
VND;1,577002e+04;2004
VUV;1,064052e+02;2004
WST;2,690981e+00;2004
XAF;4,820826e+02;2004
XCD;2,692703e+00;2004
XDR;6,461950e-01;2004
XOF;4,820826e+02;2004
XPF;8,767041e+01;2004
YER;1,837950e+02;2004
ZAR;5,642737e+00;2004
ZMK;4,701027e+03;2004
ZWD;5,662412e+03;2004
AED;3,672750e+00;2005
ALL;1,037005e+02;2005
AMD;4,432924e+02;2005
ANG;1,785000e+00;2005
ARS;3,028571e+00;2005
AUD;1,364509e+00;2005
AWG;1,790000e+00;2005
BBD;2,000000e+00;2005
BDT;6,647853e+01;2005
BGN;1,663887e+00;2005
BHD;3,765000e-01;2005
BIF;1,051939e+03;2005
BMD;1,000000e+00;2005
BND;1,665526e+00;2005
BOB;8,036086e+00;2005
BRL;2,348806e+00;2005
BSD;1,000000e+00;2005
BTN;4,597432e+01;2005
BWP;5,097059e+00;2005
BYR;2,156936e+03;2005
BZD;1,980000e+00;2005
CAD;1,163166e+00;2005
CDF;4,398491e+02;2005
CHF;1,316058e+00;2005
CLP;5,156440e+02;2005
CNY;8,071844e+00;2005
COP;2,288629e+03;2005
CRC;4,986807e+02;2005
CVE;9,346613e+01;2005
CYP;4,878240e-01;2005
CZK;2,458624e+01;2005
DJF;1,777210e+02;2005
DKK;6,317783e+00;2005
DOP;3,362062e+01;2005
DZD;7,484360e+01;2005
EEK;1,328960e+01;2005
EGP;6,039157e+00;2005
ETB;8,823952e+00;2005
EUR;8,463370e-01;2005
FJD;1,809189e+00;2005
FKP;5,811050e-01;2005
GBP;5,811050e-01;2005
GEL;1,780080e+00;2005
GIP;5,729420e-01;2005
GMD;2,925413e+01;2005
GNF;4,314661e+03;2005
GTQ;7,960333e+00;2005
GYD;1,818479e+02;2005
HKD;7,753813e+00;2005
HNL;1,886278e+01;2005
HRK;6,237612e+00;2005
HTG;4,226001e+01;2005
HUF;2,138764e+02;2005
IDR;9,816961e+03;2005
IEP;7,327390e-01;2005
ILS;4,635569e+00;2005
INR;4,506447e+01;2005
IQD;1,476205e+03;2005
IRR;9,111923e+03;2005
ISK;6,321099e+01;2005
JMD;6,523396e+01;2005
JOD;7,087500e-01;2005
JPY;1,178332e+02;2005
KES;7,266186e+01;2005
KGS;4,127092e+01;2005
KHR;4,186064e+03;2005
KMF;4,170281e+02;2005
KPW;2,234551e+00;2005
KRW;1,005525e+03;2005
KWD;2,965120e-01;2005
KZT;1,343103e+02;2005
LAK;1,045945e+04;2005
LBP;1,540398e+03;2005
LKR;1,000246e+02;2005
LRD;4,922002e+01;2005
LSL;6,737215e+00;2005
LTL;2,926846e+00;2005
LVL;5,957480e-01;2005
LYD;1,382640e+00;2005
MAD;9,495550e+00;2005
MDL;1,281580e+01;2005
MKD;5,201695e+01;2005
MMK;6,357464e+00;2005
MNT;1,138222e+03;2005
MOP;7,996363e+00;2005
MRO;2,697320e+02;2005
MTL;3,629460e-01;2005
MUR;3,058740e+01;2005
MVR;1,279000e+01;2005
MWK;1,257815e+02;2005
MXN;1,068831e+01;2005
MYR;3,779133e+00;2005
NAD;6,684498e+00;2005
NGN;1,307880e+02;2005
NIO;1,618499e+01;2005
NOK;6,759635e+00;2005
NPR;7,424744e+01;2005
NZD;1,465316e+00;2005
OMR;3,844970e-01;2005
PAB;1,000000e+00;2005
PEN;3,537303e+00;2005
PGK;3,282190e+00;2005
PHP;5,311766e+01;2005
PKR;5,993394e+01;2005
PLN;3,272018e+00;2005
PYG;6,013385e+03;2005
QAR;3,640000e+00;2005
RON;3,117047e+00;2005
RUB;2,864804e+01;2005
RWF;5,459535e+02;2005
SAR;3,750150e+00;2005
SBD;7,621480e+00;2005
SCR;5,339546e+00;2005
SEK;7,954890e+00;2005
SGD;1,663257e+00;2005
SHP;5,811050e-01;2005
SIT;2,025456e+02;2005
SKK;3,200243e+01;2005
SLL;2,445524e+03;2005
SOS;1,728021e+03;2005
STD;7,334055e+03;2005
SVC;8,820664e+00;2005
SYP;5,216894e+01;2005
SZL;6,701867e+00;2005
THB;4,103462e+01;2005
TJS;2,782809e+00;2005
TND;1,393829e+00;2005
TOP;2,044788e+00;2005
TRY;1,349543e+00;2005
TTD;6,251750e+00;2005
TWD;3,330059e+01;2005
TZS;1,162228e+03;2005
UAH;5,545478e+00;2005
UGX;1,818002e+03;2005
USD;1,000000e+00;2005
UYU;2,423064e+01;2005
UZS;1,175273e+03;2005
VEF;2,150000e+00;2005
VND;1,645715e+04;2005
VUV;1,143747e+02;2005
WST;2,816508e+00;2005
XAF;5,551910e+02;2005
XCD;2,689262e+00;2005
XDR;6,991580e-01;2005
XOF;5,560936e+02;2005
XPF;1,004521e+02;2005
YER;1,873318e+02;2005
ZAR;6,323656e+00;2005
ZMK;3,451628e+03;2005
ZWD;8,200201e+04;2005
AED;3,672600e+00;2006
ALL;9,354941e+01;2006
AMD;4,464745e+02;2006
ANG;1,785000e+00;2006
ARS;3,061623e+00;2006
AUD;1,270775e+00;2006
AWG;1,790000e+00;2006
BBD;2,000000e+00;2006
BDT;6,903282e+01;2006
BGN;1,486426e+00;2006
BHD;3,765000e-01;2006
BIF;1,023245e+03;2006
BMD;1,000000e+00;2006
BND;1,536222e+00;2006
BOB;7,989113e+00;2006
BRL;2,140181e+00;2006
BSD;1,000000e+00;2006
BTN;4,425228e+01;2006
BWP;6,057177e+00;2006
BYR;2,142379e+03;2006
BZD;1,992500e+00;2006
CAD;1,158645e+00;2006
CDF;4,855152e+02;2006
CHF;1,219161e+00;2006
CLP;5,327792e+02;2006
CNY;7,806294e+00;2006
COP;2,232640e+03;2006
CRC;5,177135e+02;2006
CVE;8,372210e+01;2006
CYP;4,396400e-01;2006
CZK;2,097967e+01;2006
DJF;1,777210e+02;2006
DKK;5,666721e+00;2006
DOP;3,330973e+01;2006
DZD;7,114879e+01;2006
EEK;1,187338e+01;2006
EGP;5,711860e+00;2006
ETB;8,771657e+00;2006
EUR;7,600010e-01;2006
FJD;1,658667e+00;2006
FKP;5,099860e-01;2006
GBP;5,099860e-01;2006
GEL;1,714774e+00;2006
GIP;5,098710e-01;2006
GMD;2,776698e+01;2006
GNF;5,554419e+03;2006
GTQ;7,631352e+00;2006
GYD;1,900306e+02;2006
HKD;7,777320e+00;2006
HNL;1,890500e+01;2006
HRK;5,578635e+00;2006
HTG;3,746471e+01;2006
HUF;1,925591e+02;2006
IDR;9,042205e+03;2006
IEP;6,979390e-01;2006
ILS;4,198191e+00;2006
INR;4,433136e+01;2006
IQD;1,323655e+03;2006
IRR;9,228089e+03;2006
ISK;7,071374e+01;2006
JMD;6,694700e+01;2006
JOD;7,088500e-01;2006
JPY;1,189610e+02;2006
KES;6,940706e+01;2006
KGS;3,810186e+01;2006
KHR;4,046935e+03;2006
KMF;3,735520e+02;2006
KPW;1,700128e+02;2006
KRW;9,292526e+02;2006
KWD;2,891060e-01;2006
KZT;1,268121e+02;2006
LAK;9,691321e+03;2006
LBP;1,510793e+03;2006
LKR;1,074495e+02;2006
LRD;4,900367e+01;2006
LSL;6,977596e+00;2006
LTL;2,621716e+00;2006
LVL;5,336400e-01;2006
LYD;1,276692e+00;2006
MAD;8,458998e+00;2006
MDL;1,291216e+01;2006
MKD;4,659408e+01;2006
MMK;6,510000e+00;2006
MNT;1,162087e+03;2006
MOP;8,007554e+00;2006
MRO;2,689376e+02;2006
MTL;3,264960e-01;2006
MUR;3,324891e+01;2006
MVR;1,280000e+01;2006
MWK;1,421502e+02;2006
MXN;1,085580e+01;2006
MYR;3,532251e+00;2006
NAD;7,022596e+00;2006
NGN;1,284846e+02;2006
NIO;1,782861e+01;2006
NOK;6,241603e+00;2006
NPR;6,985184e+01;2006
NZD;1,424346e+00;2006
OMR;3,844970e-01;2006
PAB;1,000000e+00;2006
PEN;3,194719e+00;2006
PGK;2,934972e+00;2006
PHP;4,921460e+01;2006
PKR;6,087206e+01;2006
PLN;2,908884e+00;2006
PYG;5,285844e+03;2006
QAR;3,640000e+00;2006
RON;2,571642e+00;2006
RUB;2,621019e+01;2006
RWF;5,492303e+02;2006
SAR;3,750250e+00;2006
SBD;7,376724e+00;2006
SCR;5,446882e+00;2006
SEK;6,854885e+00;2006
SGD;1,537571e+00;2006
SHP;5,099860e-01;2006
SIT;1,824701e+02;2006
SKK;2,626377e+01;2006
SLL;2,974995e+03;2006
SOS;1,378998e+03;2006
STD;6,780040e+03;2006
SVC;8,750688e+00;2006
SYP;5,299295e+01;2006
SZL;6,976776e+00;2006
THB;3,587155e+01;2006
TJS;3,213791e+00;2006
TND;1,297298e+00;2006
TOP;2,050339e+00;2006
TRY;1,416469e+00;2006
TTD;6,250500e+00;2006
TWD;3,260648e+01;2006
TZS;1,263095e+03;2006
UAH;5,040087e+00;2006
UGX;1,738996e+03;2006
USD;1,000000e+00;2006
UYU;2,705229e+01;2006
UZS;1,240364e+03;2006
VEF;2,150000e+00;2006
VND;1,604445e+04;2006
VUV;1,060498e+02;2006
WST;2,766637e+00;2006
XAF;4,953570e+02;2006
XCD;2,667480e+00;2006
XDR;6,655080e-01;2006
XOF;4,981095e+02;2006
XPF;9,307937e+01;2006
YER;1,957245e+02;2006
ZAR;7,017755e+00;2006
ZMK;4,390892e+03;2006
ZWD;2,512595e+02;2006
AED;3,672600e+00;2007
ALL;8,269292e+01;2007
AMD;3,049637e+02;2007
ANG;1,782500e+00;2007
AOA;7,481346e+01;2007
ARS;3,146665e+00;2007
AUD;1,139039e+00;2007
AWG;1,790250e+00;2007
BBD;2,000000e+00;2007
BDT;6,828955e+01;2007
BGN;1,328589e+00;2007
BHD;3,760000e-01;2007
BIF;1,084117e+03;2007
BMD;1,000000e+00;2007
BND;1,488207e+00;2007
BOB;7,575990e+00;2007
BRL;1,770402e+00;2007
BSD;1,000000e+00;2007
BTN;3,928386e+01;2007
BWP;6,168736e+00;2007
BYR;2,150112e+03;2007
BZD;1,987500e+00;2007
CAD;9,870340e-01;2007
CDF;5,432207e+02;2007
CHF;1,130203e+00;2007
CLP;4,978277e+02;2007
CNY;7,301695e+00;2007
COP;2,016232e+03;2007
CRC;4,964627e+02;2007
CVE;7,490116e+01;2007
CYP;3,983280e-01;2007
CZK;1,810634e+01;2007
DJF;1,777210e+02;2007
DKK;5,085786e+00;2007
DOP;3,320704e+01;2007
DZD;6,656506e+01;2007
EEK;1,057687e+01;2007
EGP;5,525868e+00;2007
ETB;9,039896e+00;2007
EUR;6,841280e-01;2007
FJD;1,556274e+00;2007
FKP;5,009830e-01;2007
GBP;5,018670e-01;2007
GEL;1,587851e+00;2007
GIP;4,981660e-01;2007
GMD;2,476943e+01;2007
GNF;4,266422e+03;2007
GTQ;7,629579e+00;2007
GYD;2,031808e+02;2007
HKD;7,798305e+00;2007
HNL;1,890500e+01;2007
HRK;4,980744e+00;2007
HTG;3,719152e+01;2007
HUF;1,725744e+02;2007
IDR;9,402866e+03;2007
IEP;6,664370e-01;2007
ILS;3,843839e+00;2007
INR;3,935394e+01;2007
IQD;1,213945e+03;2007
IRR;9,331068e+03;2007
ISK;6,242782e+01;2007
JMD;7,099654e+01;2007
JOD;7,095000e-01;2007
JPY;1,118084e+02;2007
KES;6,374701e+01;2007
KGS;3,547074e+01;2007
KHR;3,951633e+03;2007
KMF;3,341947e+02;2007
KPW;1,424641e+02;2007
KRW;9,360135e+02;2007
KWD;2,731780e-01;2007
KZT;1,206587e+02;2007
LAK;9,348981e+03;2007
LBP;1,511216e+03;2007
LKR;1,086410e+02;2007
LRD;6,150269e+01;2007
LSL;6,816115e+00;2007
LTL;2,345493e+00;2007
LVL;4,752410e-01;2007
LYD;1,219052e+00;2007
MAD;7,711910e+00;2007
MDL;1,134002e+01;2007
MGA;1,791315e+03;2007
MKD;4,168494e+01;2007
MMK;6,510000e+00;2007
MNT;1,169049e+03;2007
MOP;8,022418e+00;2007
MRO;2,500303e+02;2007
MTL;2,913240e-01;2007
MUR;2,812036e+01;2007
MVR;1,279750e+01;2007
MWK;1,389106e+02;2007
MXN;1,091746e+01;2007
MYR;3,306555e+00;2007
NAD;6,801837e+00;2007
NGN;1,231559e+02;2007
NIO;1,839539e+01;2007
NOK;5,418575e+00;2007
NPR;6,667816e+01;2007
NZD;1,295917e+00;2007
OMR;3,844970e-01;2007
PAB;1,000000e+00;2007
PEN;3,004574e+00;2007
PGK;2,752324e+00;2007
PHP;4,125735e+01;2007
PKR;6,161303e+01;2007
PLN;2,441071e+00;2007
PYG;4,976686e+03;2007
QAR;3,640000e+00;2007
RON;2,451313e+00;2007
RUB;2,441170e+01;2007
RWF;5,461621e+02;2007
SAR;3,750045e+00;2007
SBD;7,212264e+00;2007
SCR;8,001447e+00;2007
SEK;6,436427e+00;2007
SGD;1,437436e+00;2007
SHP;5,009830e-01;2007
SKK;2,280506e+01;2007
SLL;2,967663e+03;2007
SOS;1,344147e+03;2007
STD;1,406828e+04;2007
SVC;8,749597e+00;2007
SYP;5,187224e+01;2007
SZL;6,812924e+00;2007
THB;2,966005e+01;2007
TJS;3,460000e+00;2007
TND;1,218502e+00;2007
TOP;1,927807e+00;2007
TRY;1,167521e+00;2007
TTD;6,250500e+00;2007
TWD;3,243385e+01;2007
TZS;1,142000e+03;2007
UAH;5,047906e+00;2007
UGX;1,692752e+03;2007
USD;1,000000e+00;2007
UYU;2,705992e+01;2007
UZS;1,289430e+03;2007
VEF;2,147300e+00;2007
VND;1,601002e+04;2007
VUV;9,500015e+01;2007
WST;2,579059e+00;2007
XAF;4,758464e+02;2007
XCD;2,667345e+00;2007
XDR;6,329050e-01;2007
XOF;4,460463e+02;2007
XPF;8,130611e+01;2007
YER;1,986501e+02;2007
ZAR;6,837300e+00;2007
ZMK;3,787754e+03;2007
ZWD;2,999369e+04;2007
AED;3,672950e+00;2008
AFN;4,703945e+01;2008
ALL;8,827102e+01;2008
AMD;3,073867e+02;2008
ANG;1,782500e+00;2008
AOA;7,520948e+01;2008
ARS;3,451225e+00;2008
AUD;1,435622e+00;2008
AWG;1,790250e+00;2008
AZN;8,123950e-01;2008
BAM;1,396927e+00;2008
BBD;2,000000e+00;2008
BDT;6,917210e+01;2008
BGN;1,405343e+00;2008
BHD;3,765000e-01;2008
BIF;1,131074e+03;2008
BMD;1,000000e+00;2008
BND;1,490772e+00;2008
BOB;7,019900e+00;2008
BRL;2,322171e+00;2008
BSD;1,000000e+00;2008
BTN;4,844473e+01;2008
BWP;7,570894e+00;2008
BYR;2,201734e+03;2008
BZD;1,984900e+00;2008
CAD;1,220094e+00;2008
CDF;5,436667e+02;2008
CHF;1,068102e+00;2008
CLP;6,379837e+02;2008
CNY;6,823594e+00;2008
COP;2,251048e+03;2008
CRC;5,586837e+02;2008
CVE;7,922828e+01;2008
CZK;1,929069e+01;2008
DJF;1,777210e+02;2008
DKK;5,349400e+00;2008
DOP;3,537675e+01;2008
DZD;7,006125e+01;2008
EEK;1,118849e+01;2008
EGP;5,516456e+00;2008
ETB;9,417335e+00;2008
EUR;7,175520e-01;2008
FJD;1,765861e+00;2008
FKP;6,857080e-01;2008
GBP;6,849500e-01;2008
GEL;1,400648e+00;2008
GHS;1,269286e+00;2008
GIP;6,844150e-01;2008
GMD;2,709849e+01;2008
GNF;4,980764e+03;2008
GTQ;7,746067e+00;2008
GYD;2,032064e+02;2008
HKD;7,750115e+00;2008
HNL;1,890500e+01;2008
HRK;5,264748e+00;2008
HTG;3,856574e+01;2008
HUF;1,913552e+02;2008
IDR;1,102149e+04;2008
IEP;6,818910e-01;2008
ILS;3,791557e+00;2008
INR;4,850950e+01;2008
IQD;1,161491e+03;2008
IRR;9,834347e+03;2008
ISK;1,211147e+02;2008
JMD;7,872360e+01;2008
JOD;7,092500e-01;2008
JPY;9,074911e+01;2008
KES;7,815326e+01;2008
KGS;3,942226e+01;2008
KHR;4,050690e+03;2008
KMF;3,535015e+02;2008
KPW;1,423875e+02;2008
KRW;1,290534e+03;2008
KWD;2,762650e-01;2008
KZT;1,210782e+02;2008
LAK;8,470859e+03;2008
LBP;1,501833e+03;2008
LKR;1,128975e+02;2008
LRD;6,378187e+01;2008
LSL;9,294211e+00;2008
LTL;2,480994e+00;2008
LVL;5,069720e-01;2008
LYD;1,254703e+00;2008
MAD;8,070414e+00;2008
MDL;1,035034e+01;2008
MGA;1,833676e+03;2008
MKD;4,409312e+01;2008
MMK;6,510000e+00;2008
MNT;1,271440e+03;2008
MOP;7,997547e+00;2008
MRO;2,582551e+02;2008
MUR;3,173721e+01;2008
MVR;1,279500e+01;2008
MWK;1,437703e+02;2008
MXN;1,381825e+01;2008
MYR;3,452901e+00;2008
MZN;2,525742e+01;2008
NAD;9,312471e+00;2008
NGN;1,359201e+02;2008
NIO;1,888375e+01;2008
NOK;6,987813e+00;2008
NPR;7,340818e+01;2008
NZD;1,720741e+00;2008
OMR;3,844970e-01;2008
PAB;1,000000e+00;2008
PEN;3,004574e+00;2008
PGK;2,605894e+00;2008
PHP;4,738537e+01;2008
PKR;7,906661e+01;2008
PLN;2,984479e+00;2008
PYG;4,894896e+03;2008
QAR;3,640000e+00;2008
RON;2,880013e+00;2008
RSD;6,401242e+01;2008
RUB;2,960783e+01;2008
RWF;5,578279e+02;2008
SAR;3,751600e+00;2008
SBD;7,943245e+00;2008
SCR;1,703100e+01;2008
SDG;2,189795e+00;2008
SEK;7,838142e+00;2008
SGD;1,438466e+00;2008
SHP;6,857080e-01;2008
SKK;2,169008e+01;2008
SLL;3,009078e+03;2008
SOS;1,417593e+03;2008
SRD;2,743308e+00;2008
STD;1,443438e+04;2008
SVC;8,753142e+00;2008
SYP;4,605148e+01;2008
SZL;9,320043e+00;2008
THB;3,475424e+01;2008
TJS;3,452011e+00;2008
TND;1,312062e+00;2008
TOP;2,150679e+00;2008
TRY;1,538759e+00;2008
TTD;6,263000e+00;2008
TWD;3,282267e+01;2008
TZS;1,310044e+03;2008
UAH;7,805025e+00;2008
UGX;1,940049e+03;2008
USD;1,000000e+00;2008
UYU;2,435001e+01;2008
UZS;1,399504e+03;2008
VEF;2,147300e+00;2008
VND;1,748501e+04;2008
VUV;1,120099e+02;2008
WST;2,998537e+00;2008
XAF;4,887175e+02;2008
XCD;2,660840e+00;2008
XDR;6,465070e-01;2008
XOF;4,691675e+02;2008
XPF;8,537264e+01;2008
YER;2,001115e+02;2008
ZAR;9,368382e+00;2008
ZMK;4,810878e+03;2008
ZWD;4,780823e+05;2008
AED;3,672750e+00;2009
AFN;4,855009e+01;2009
ALL;9,643551e+01;2009
AMD;3,778942e+02;2009
ANG;1,791000e+00;2009
AOA;8,917487e+01;2009
ARS;3,801626e+00;2009
AUD;1,112379e+00;2009
AWG;1,790250e+00;2009
AZN;8,026010e-01;2009
BAM;1,363000e+00;2009
BBD;2,000000e+00;2009
BDT;6,887597e+01;2009
BGN;1,357640e+00;2009
BHD;3,765000e-01;2009
BIF;1,136687e+03;2009
BMD;1,000000e+00;2009
BND;1,400814e+00;2009
BOB;7,020063e+00;2009
BRL;1,742449e+00;2009
BSD;1,000000e+00;2009
BTN;4,639056e+01;2009
BWP;6,684572e+00;2009
BYR;2,862269e+03;2009
BZD;1,987500e+00;2009
CAD;1,048238e+00;2009
CDF;8,900050e+02;2009
CHF;1,033312e+00;2009
CLP;5,074274e+02;2009
CNY;6,827225e+00;2009
COP;2,044171e+03;2009
CRC;5,545068e+02;2009
CVE;7,653894e+01;2009
CZK;1,838353e+01;2009
DJF;1,777210e+02;2009
DKK;5,178980e+00;2009
DOP;3,620508e+01;2009
DZD;7,157386e+01;2009
EEK;1,086050e+01;2009
EGP;5,486778e+00;2009
ETB;1,075643e+01;2009
EUR;6,974150e-01;2009
FJD;1,946322e+00;2009
FKP;6,178650e-01;2009
GBP;6,178680e-01;2009
GEL;1,692423e+00;2009
GHS;1,429497e+00;2009
GIP;6,164790e-01;2009
GMD;2,620017e+01;2009
GNF;4,995970e+03;2009
GTQ;8,333550e+00;2009
GYD;2,051977e+02;2009
HKD;7,754222e+00;2009
HNL;1,892250e+01;2009
HRK;5,074525e+00;2009
HTG;4,024976e+01;2009
HUF;1,882595e+02;2009
IDR;9,430435e+03;2009
IEP;6,722860e-01;2009
ILS;3,785278e+00;2009
INR;4,648683e+01;2009
IQD;1,151993e+03;2009
IRR;9,889944e+03;2009
ISK;1,249487e+02;2009
JMD;8,773945e+01;2009
JOD;7,083750e-01;2009
JPY;9,283379e+01;2009
KES;7,584061e+01;2009
KGS;4,406648e+01;2009
KHR;4,145047e+03;2009
KMF;3,415022e+02;2009
KPW;1,431121e+02;2009
KRW;1,160475e+03;2009
KWD;2,872730e-01;2009
KZT;1,484732e+02;2009
LAK;8,466894e+03;2009
LBP;1,501743e+03;2009
LKR;1,143599e+02;2009
LRD;6,899913e+01;2009
LSL;7,384621e+00;2009
LTL;2,396779e+00;2009
LVL;4,901100e-01;2009
LYD;1,235989e+00;2009
MAD;7,866575e+00;2009
MDL;1,223499e+01;2009
MGA;1,959992e+03;2009
MKD;4,259642e+01;2009
MMK;6,510000e+00;2009
MNT;1,432484e+03;2009
MOP;7,999735e+00;2009
MRO;2,612488e+02;2009
MUR;2,967481e+01;2009
MVR;1,279500e+01;2009
MWK;1,432743e+02;2009
MXN;1,310046e+01;2009
MYR;3,422995e+00;2009
MZN;3,058500e+01;2009
NAD;7,356121e+00;2009
NGN;1,496989e+02;2009
NIO;1,930782e+01;2009
NOK;5,774214e+00;2009
NPR;7,172468e+01;2009
NZD;1,377133e+00;2009
OMR;3,844970e-01;2009
PAB;1,000000e+00;2009
PEN;3,004574e+00;2009
PGK;2,685241e+00;2009
PHP;4,615973e+01;2009
PKR;8,440087e+01;2009
PLN;2,849160e+00;2009
PYG;4,692470e+03;2009
QAR;3,640000e+00;2009
RON;2,945538e+00;2009
RSD;6,661229e+01;2009
RUB;3,000290e+01;2009
RWF;5,699967e+02;2009
SAR;3,750375e+00;2009
SBD;7,846710e+00;2009
SCR;1,097998e+01;2009
SDG;2,234396e+00;2009
SEK;7,136108e+00;2009
SGD;1,402872e+00;2009
SHP;6,178650e-01;2009
SLL;3,849994e+03;2009
SOS;1,499997e+03;2009
SRD;2,714990e+00;2009
STD;1,612990e+04;2009
SVC;8,748798e+00;2009
SYP;4,554984e+01;2009
SZL;7,395295e+00;2009
THB;3,331155e+01;2009
TJS;4,370486e+00;2009
TND;1,318996e+00;2009
TOP;1,908480e+00;2009
TRY;1,499147e+00;2009
TTD;6,315250e+00;2009
TWD;3,197541e+01;2009
TZS;1,338496e+03;2009
UAH;8,005007e+00;2009
UGX;1,904998e+03;2009
USD;1,000000e+00;2009
UYU;1,954996e+01;2009
UZS;1,508614e+03;2009
VEF;2,147300e+00;2009
VND;1,846995e+04;2009
VUV;9,704998e+01;2009
WST;2,587412e+00;2009
XAF;4,807180e+02;2009
XCD;2,605025e+00;2009
XDR;6,379670e-01;2009
XOF;4,549180e+02;2009
XPF;8,334236e+01;2009
YER;2,044997e+02;2009
ZAR;7,386118e+00;2009
ZMK;4,689991e+03;2009
ZWD;1,518070e+04;2009
AED;3,672725e+00;2010
AFN;4,302213e+01;2010
ALL;1,045750e+02;2010
AMD;3,632315e+02;2010
ANG;1,790750e+00;2010
AOA;9,240582e+01;2010
ARS;3,972412e+00;2010
AUD;9,808280e-01;2010
AWG;1,790250e+00;2010
AZN;7,973440e-01;2010
BAM;1,463638e+00;2010
BBD;2,000000e+00;2010
BDT;7,060861e+01;2010
BGN;1,463714e+00;2010
BHD;3,765150e-01;2010
BIF;1,127328e+03;2010
BMD;1,000000e+00;2010
BND;1,285783e+00;2010
BOB;6,955924e+00;2010
BRL;1,660156e+00;2010
BSD;1,000000e+00;2010
BTN;4,468632e+01;2010
BWP;6,468699e+00;2010
BYR;2,997122e+03;2010
BZD;1,987500e+00;2010
CAD;9,966450e-01;2010
CDF;8,872702e+02;2010
CHF;9,345360e-01;2010
CLP;4,678107e+02;2010
CNY;6,600479e+00;2010
COP;1,953711e+03;2010
CRC;5,065861e+02;2010
CVE;8,251908e+01;2010
CZK;1,874910e+01;2010
DJF;1,777210e+02;2010
DKK;5,575877e+00;2010
DOP;3,721422e+01;2010
DZD;7,451964e+01;2010
EEK;1,166646e+01;2010
EGP;5,803494e+00;2010
ETB;1,271064e+01;2010
EUR;7,479520e-01;2010
FJD;1,842895e+00;2010
FKP;6,423440e-01;2010
GBP;6,424880e-01;2010
GEL;1,772175e+00;2010
GHS;1,484464e+00;2010
GIP;6,441780e-01;2010
GMD;2,724325e+01;2010
GNF;6,996950e+03;2010
GTQ;8,012668e+00;2010
GYD;2,031245e+02;2010
HKD;7,772760e+00;2010
HNL;1,892000e+01;2010
HRK;5,535728e+00;2010
HTG;3,999261e+01;2010
HUF;2,078787e+02;2010
IDR;8,988972e+03;2010
IEP;6,936430e-01;2010
ILS;3,542870e+00;2010
INR;4,469302e+01;2010
IQD;1,169782e+03;2010
IRR;1,035208e+04;2010
ISK;1,150075e+02;2010
JMD;8,659945e+01;2010
JOD;7,083750e-01;2010
JPY;8,120179e+01;2010
KES;8,065110e+01;2010
KGS;4,708152e+01;2010
KHR;4,032635e+03;2010
KMF;3,681844e+02;2010
KPW;1,430653e+02;2010
KRW;1,121367e+03;2010
KWD;2,814080e-01;2010
KZT;1,472951e+02;2010
LAK;8,032015e+03;2010
LBP;1,501971e+03;2010
LKR;1,109406e+02;2010
LRD;6,997399e+01;2010
LSL;6,604899e+00;2010
LTL;2,584044e+00;2010
LVL;5,284410e-01;2010
LYD;1,250035e+00;2010
MAD;8,364010e+00;2010
MDL;1,206923e+01;2010
MGA;2,119861e+03;2010
MKD;4,592456e+01;2010
MMK;6,510000e+00;2010
MNT;1,230381e+03;2010
MOP;8,009082e+00;2010
MRO;2,813113e+02;2010
MUR;3,012355e+01;2010
MVR;1,280000e+01;2010
MWK;1,508677e+02;2010
MXN;1,237469e+01;2010
MYR;3,066246e+00;2010
MZN;3,234820e+01;2010
NAD;6,640593e+00;2010
NGN;1,521725e+02;2010
NIO;1,981974e+01;2010
NOK;5,834012e+00;2010
NPR;7,047154e+01;2010
NZD;1,284889e+00;2010
OMR;3,844970e-01;2010
PAB;1,000000e+00;2010
PEN;3,004574e+00;2010
PGK;2,593892e+00;2010
PHP;4,364567e+01;2010
PKR;8,566927e+01;2010
PLN;2,974854e+00;2010
PYG;4,622277e+03;2010
QAR;3,640000e+00;2010
RON;3,199932e+00;2010
RSD;7,903716e+01;2010
RUB;3,066879e+01;2010
RWF;5,882216e+02;2010
SAR;3,749725e+00;2010
SBD;7,970465e+00;2010
SCR;1,216253e+01;2010
SDG;2,497837e+00;2010
SEK;6,710002e+00;2010
SGD;1,282683e+00;2010
SHP;6,423440e-01;2010
SLL;4,146504e+03;2010
SOS;1,600001e+03;2010
SRD;2,709819e+00;2010
STD;1,837072e+04;2010
SVC;8,746457e+00;2010
SYP;4,680009e+01;2010
SZL;6,600953e+00;2010
THB;3,006459e+01;2010
TJS;4,402614e+00;2010
TND;1,416282e+00;2010
TOP;1,868371e+00;2010
TRY;1,545165e+00;2010
TTD;6,320250e+00;2010
TWD;2,914213e+01;2010
TZS;1,500206e+03;2010
UAH;7,964996e+00;2010
UGX;2,326081e+03;2010
USD;1,000000e+00;2010
UYU;1,984934e+01;2010
UZS;1,653278e+03;2010
VEF;4,300000e+00;2010
VND;1,944871e+04;2010
VUV;9,198887e+01;2010
WST;2,336720e+00;2010
XAF;4,985061e+02;2010
XCD;2,691726e+00;2010
XDR;6,490950e-01;2010
XOF;4,930061e+02;2010
XPF;9,005338e+01;2010
YER;2,138715e+02;2010
ZAR;6,627452e+00;2010
ZMK;4,797421e+03;2010
ZWD;1,518069e+04;2010
AED;3,672800e+00;2011
AFN;4,573629e+01;2011
ALL;1,070429e+02;2011
AMD;3,857199e+02;2011
ANG;1,790000e+00;2011
AOA;9,477283e+01;2011
ARS;4,300722e+00;2011
AUD;9,813930e-01;2011
AWG;1,790050e+00;2011
AZN;7,861890e-01;2011
BAM;1,512764e+00;2011
BBD;2,000000e+00;2011
BDT;8,180463e+01;2011
BGN;1,514089e+00;2011
BHD;3,765150e-01;2011
BIF;1,299056e+03;2011
BMD;1,000000e+00;2011
BND;1,297017e+00;2011
BOB;6,884557e+00;2011
BRL;1,865273e+00;2011
BSD;1,000000e+00;2011
BTN;5,307958e+01;2011
BWP;7,492989e+00;2011
BYR;8,371960e+03;2011
BZD;1,992750e+00;2011
CAD;1,021566e+00;2011
CDF;9,078890e+02;2011
CHF;9,393680e-01;2011
CLF;2,117600e-02;2011
CLP;5,198527e+02;2011
CNY;6,304144e+00;2011
COP;1,938207e+03;2011
CRC;5,036884e+02;2011
CVE;8,530839e+01;2011
CZK;1,983584e+01;2011
DJF;1,782355e+02;2011
DKK;5,741838e+00;2011
DOP;3,859495e+01;2011
DZD;7,526497e+01;2011
EGP;6,028630e+00;2011
ETB;1,728246e+01;2011
EUR;7,724840e-01;2011
FJD;1,825743e+00;2011
FKP;6,444000e-01;2011
GBP;6,444000e-01;2011
GEL;1,669921e+00;2011
GHS;1,638125e+00;2011
GIP;6,446590e-01;2011
GMD;2,866492e+01;2011
GNF;6,958727e+03;2011
GTQ;7,811485e+00;2011
GYD;2,021992e+02;2011
HKD;7,767744e+00;2011
HNL;1,897995e+01;2011
HRK;5,830813e+00;2011
HTG;4,034985e+01;2011
HUF;2,433077e+02;2011
IDR;9,068376e+03;2011
IEP;6,081690e-01;2011
ILS;3,816865e+00;2011
INR;5,308517e+01;2011
IQD;1,169542e+03;2011
IRR;1,114338e+04;2011
ISK;1,225646e+02;2011
JMD;8,602815e+01;2011
JOD;7,092500e-01;2011
JPY;7,717765e+01;2011
KES;8,499797e+01;2011
KGS;4,637338e+01;2011
KHR;4,031405e+03;2011
KMF;3,799056e+02;2011
KPW;9,000000e+02;2011
KRW;1,159017e+03;2011
KWD;2,787090e-01;2011
KZT;1,482976e+02;2011
LAK;7,996677e+03;2011
LBP;1,506500e+03;2011
LKR;1,139125e+02;2011
LRD;7,194250e+01;2011
LSL;8,088520e+00;2011
LTL;2,667261e+00;2011
LVL;5,404070e-01;2011
LYD;1,257984e+00;2011
MAD;8,574831e+00;2011
MDL;1,167249e+01;2011
MGA;2,233327e+03;2011
MKD;4,753796e+01;2011
MMK;6,460006e+00;2011
MNT;1,384434e+03;2011
MOP;8,000789e+00;2011
MRO;2,862254e+02;2011
MUR;2,911501e+01;2011
MVR;1,410500e+01;2011
MWK;1,627807e+02;2011
MXN;1,395275e+01;2011
MYR;3,171483e+00;2011
MZN;2,684195e+01;2011
NAD;8,087185e+00;2011
NGN;1,621252e+02;2011
NIO;2,297252e+01;2011
NOK;5,986043e+00;2011
NPR;8,538988e+01;2011
NZD;1,290184e+00;2011
OMR;3,847740e-01;2011
PAB;1,000000e+00;2011
PEN;2,697037e+00;2011
PGK;2,129915e+00;2011
PHP;4,382637e+01;2011
PKR;8,996009e+01;2011
PLN;3,447149e+00;2011
PYG;4,417502e+03;2011
QAR;3,641000e+00;2011
RON;3,343097e+00;2011
RSD;8,168574e+01;2011
RUB;3,218849e+01;2011
RWF;5,995781e+02;2011
SAR;3,750150e+00;2011
SBD;7,618550e+00;2011
SCR;1,332389e+01;2011
SDG;2,674444e+00;2011
SEK;6,886502e+00;2011
SGD;1,299085e+00;2011
SHP;6,444000e-01;2011
SLL;4,337557e+03;2011
SOS;1,635021e+03;2011
SRD;3,262251e+00;2011
STD;1,845149e+04;2011
SVC;8,748721e+00;2011
SYP;5,221502e+01;2011
SZL;8,094223e+00;2011
THB;3,162510e+01;2011
TJS;4,758450e+00;2011
TMT;2,850251e+00;2011
TND;1,496549e+00;2011
TOP;1,753685e+00;2011
TRY;1,889823e+00;2011
TTD;6,333025e+00;2011
TWD;3,028699e+01;2011
TZS;1,580152e+03;2011
UAH;8,016004e+00;2011
UGX;2,479999e+03;2011
USD;1,000000e+00;2011
UYU;1,985000e+01;2011
UZS;1,800362e+03;2011
VEF;4,297400e+00;2011
VND;2,103038e+04;2011
VUV;9,342763e+01;2011
WST;2,412618e+00;2011
XAF;5,065406e+02;2011
XCD;2,699827e+00;2011
XDR;6,514010e-01;2011
XOF;5,060706e+02;2011
XPF;9,227819e+01;2011
YER;2,192356e+02;2011
ZAR;8,096132e+00;2011
ZMK;5,132105e+03;2011
ZWD;3,618439e+02;2011
AED;3,673050e+00;2012
AFN;5,108400e+01;2012
ALL;1,057738e+02;2012
AMD;4,035800e+02;2012
ANG;1,778920e+00;2012
AOA;9,581153e+01;2012
ARS;4,915070e+00;2012
AUD;9,624040e-01;2012
AWG;1,790033e+00;2012
AZN;7,850000e-01;2012
BAM;1,482633e+00;2012
BBD;2,000000e+00;2012
BDT;7,972123e+01;2012
BGN;1,482359e+00;2012
BHD;3,770460e-01;2012
BIF;1,536360e+03;2012
BMD;1,000000e+00;2012
BND;1,221580e+00;2012
BOB;6,987173e+00;2012
BRL;2,048591e+00;2012
BSD;1,000000e+00;2012
BTC;7,434900e-02;2012
BTN;5,478775e+01;2012
BWP;7,776400e+00;2012
BYR;8,563413e+03;2012
BZD;1,993325e+00;2012
CAD;9,943560e-01;2012
CDF;9,237156e+02;2012
CHF;9,152410e-01;2012
CLF;2,096000e-02;2012
CLP;4,788660e+02;2012
CNY;6,235827e+00;2012
COP;1,766785e+03;2012
CRC;5,108580e+02;2012
CUP;2,268288e+01;2012
CVE;8,326467e+01;2012
CZK;1,903650e+01;2012
DJF;1,777775e+02;2012
DKK;5,654708e+00;2012
DOP;4,025825e+01;2012
DZD;7,849696e+01;2012
EEK;1,176012e+01;2012
EGP;6,322951e+00;2012
ETB;1,825208e+01;2012
EUR;7,580950e-01;2012
FJD;1,780012e+00;2012
FKP;6,165070e-01;2012
GBP;6,164920e-01;2012
GEL;1,657325e+00;2012
GHS;1,906200e+00;2012
GIP;6,205450e-01;2012
GMD;3,254325e+01;2012
GNF;7,009712e+03;2012
GTQ;7,899388e+00;2012
GYD;2,026017e+02;2012
HKD;7,750181e+00;2012
HNL;1,989682e+01;2012
HRK;5,727690e+00;2012
HTG;4,225313e+01;2012
HUF;2,211954e+02;2012
IDR;9,645261e+03;2012
ILS;3,731793e+00;2012
INR;5,492955e+01;2012
IQD;1,164173e+03;2012
IRR;1,227374e+04;2012
ISK;1,285663e+02;2012
JEP;6,165070e-01;2012
JMD;9,231744e+01;2012
JOD;7,101460e-01;2012
JPY;8,648452e+01;2012
KES;8,605665e+01;2012
KGS;4,740130e+01;2012
KHR;3,996168e+03;2012
KMF;3,723917e+02;2012
KPW;9,000000e+02;2012
KRW;1,064519e+03;2012
KWD;2,813000e-01;2012
KYD;8,223050e-01;2012
KZT;1,503402e+02;2012
LAK;7,977990e+03;2012
LBP;1,504207e+03;2012
LKR;1,275239e+02;2012
LRD;7,258333e+01;2012
LSL;8,472743e+00;2012
LTL;2,616393e+00;2012
LVL;5,287970e-01;2012
LYD;1,259350e+00;2012
MAD;8,443715e+00;2012
MDL;1,209862e+01;2012
MGA;2,260318e+03;2012
MKD;4,714956e+01;2012
MMK;8,560911e+02;2012
MNT;1,377500e+03;2012
MOP;7,979925e+00;2012
MRO;3,017788e+02;2012
MUR;3,064772e+01;2012
MVR;1,539503e+01;2012
MWK;3,265063e+02;2012
MXN;1,296990e+01;2012
MYR;3,057157e+00;2012
MZN;2,956667e+01;2012
NAD;8,473395e+00;2012
NGN;1,561455e+02;2012
NIO;2,410954e+01;2012
NOK;5,567305e+00;2012
NPR;8,765533e+01;2012
NZD;1,210916e+00;2012
OMR;3,849800e-01;2012
PAB;1,000000e+00;2012
PEN;2,551560e+00;2012
PGK;2,044800e+00;2012
PHP;4,102812e+01;2012
PKR;9,726749e+01;2012
PLN;3,089188e+00;2012
PYG;4,244126e+03;2012
QAR;3,641061e+00;2012
RON;3,367468e+00;2012
RSD;8,530714e+01;2012
RUB;3,055193e+01;2012
RWF;6,207996e+02;2012
SAR;3,750450e+00;2012
SBD;7,089747e+00;2012
SCR;1,312370e+01;2012
SDG;4,411867e+00;2012
SEK;6,506426e+00;2012
SGD;1,221395e+00;2012
SHP;6,165070e-01;2012
SLL;4,341251e+03;2012
SOS;1,604685e+03;2012
SRD;3,281250e+00;2012
STD;1,863028e+04;2012
SVC;8,744706e+00;2012
SYP;7,096362e+01;2012
SZL;8,470063e+00;2012
THB;3,058759e+01;2012
TJS;4,764467e+00;2012
TMT;2,850000e+00;2012
TND;1,552760e+00;2012
TOP;1,733011e+00;2012
TRY;1,785549e+00;2012
TTD;6,395286e+00;2012
TWD;2,904796e+01;2012
TZS;1,583208e+03;2012
UAH;8,044705e+00;2012
UGX;2,687437e+03;2012
USD;1,000000e+00;2012
UYU;1,915696e+01;2012
UZS;1,983233e+03;2012
VEF;4,293129e+00;2012
VND;2,082638e+04;2012
VUV;9,113333e+01;2012
WST;2,281549e+00;2012
XAF;4,967065e+02;2012
XCD;2,701850e+00;2012
XDR;6,500500e-01;2012
XOF;4,967000e+02;2012
XPF;9,040430e+01;2012
YER;2,149654e+02;2012
ZAR;8,473725e+00;2012
ZMK;5,202497e+03;2012
ZWL;3,223872e+02;2012
AED;3,673257e+00;2013
AFN;5,600975e+01;2013
ALL;1,020648e+02;2013
AMD;4,085360e+02;2013
ANG;1,789340e+00;2013
AOA;9,763478e+01;2013
ARS;6,516132e+00;2013
AUD;1,128797e+00;2013
AWG;1,790100e+00;2013
AZN;7,841000e-01;2013
BAM;1,422903e+00;2013
BBD;2,000000e+00;2013
BDT;7,769171e+01;2013
BGN;1,421903e+00;2013
BHD;3,769140e-01;2013
BIF;1,546167e+03;2013
BMD;1,000000e+00;2013
BND;1,264920e+00;2013
BOB;6,917399e+00;2013
BRL;2,360880e+00;2013
BSD;1,000000e+00;2013
BTC;1,328160e-03;2013
BTN;6,186791e+01;2013
BWP;8,754102e+00;2013
BYR;9,540432e+03;2013
BZD;1,992103e+00;2013
CAD;1,063692e+00;2013
CDF;9,225267e+02;2013
CHF;8,923030e-01;2013
CLF;2,253000e-02;2013
CLP;5,255646e+02;2013
CNY;6,065775e+00;2013
COP;1,928720e+03;2013
CRC;5,012702e+02;2013
CUP;2,268288e+01;2013
CVE;7,974305e+01;2013
CZK;1,988988e+01;2013
DJF;1,783930e+02;2013
DKK;5,422855e+00;2013
DOP;4,270585e+01;2013
DZD;7,836725e+01;2013
EEK;1,164090e+01;2013
EGP;6,953237e+00;2013
ERN;1,494000e+01;2013
ETB;1,912468e+01;2013
EUR;7,271840e-01;2013
FJD;1,877336e+00;2013
FKP;6,038180e-01;2013
GBP;6,038180e-01;2013
GEL;1,747870e+00;2013
GHS;2,367388e+00;2013
GIP;6,038180e-01;2013
GMD;3,795500e+01;2013
GNF;6,936008e+03;2013
GTQ;7,848769e+00;2013
GYD;2,046963e+02;2013
HKD;7,754187e+00;2013
HNL;2,028311e+01;2013
HRK;5,541872e+00;2013
HTG;4,369742e+01;2013
HUF;2,160468e+02;2013
IDR;1,217952e+04;2013
ILS;3,472788e+00;2013
INR;6,183584e+01;2013
IQD;1,166320e+03;2013
IRR;2,475033e+04;2013
ISK;1,151270e+02;2013
JEP;6,038180e-01;2013
JMD;1,060113e+02;2013
JOD;7,078990e-01;2013
JPY;1,052997e+02;2013
KES;8,641706e+01;2013
KGS;4,924700e+01;2013
KHR;4,007575e+03;2013
KMF;3,572671e+02;2013
KPW;9,000000e+02;2013
KRW;1,052800e+03;2013
KWD;2,824140e-01;2013
KYD;8,278270e-01;2013
KZT;1,544442e+02;2013
LAK;8,037797e+03;2013
LBP;1,506067e+03;2013
LKR;1,308107e+02;2013
LRD;8,076512e+01;2013
LSL;1,048683e+01;2013
LTL;2,510768e+00;2013
LVL;5,105450e-01;2013
LYD;1,238750e+00;2013
MAD;8,175219e+00;2013
MDL;1,304668e+01;2013
MGA;2,238805e+03;2013
MKD;4,468876e+01;2013
MMK;9,885750e+02;2013
MNT;1,639333e+03;2013
MOP;7,995291e+00;2013
MRO;2,917983e+02;2013
MTL;6,836020e-01;2013
MUR;3,020611e+01;2013
MVR;1,538112e+01;2013
MWK;4,304345e+02;2013
MXN;1,304425e+01;2013
MYR;3,281062e+00;2013
MZN;3,000865e+01;2013
NAD;1,048683e+01;2013
NGN;1,604177e+02;2013
NIO;2,538833e+01;2013
NOK;6,079076e+00;2013
NPR;9,899764e+01;2013
NZD;1,215892e+00;2013
OMR;3,850450e-01;2013
PAB;1,000000e+00;2013
PEN;2,797147e+00;2013
PGK;2,515229e+00;2013
PHP;4,438454e+01;2013
PKR;1,054933e+02;2013
PLN;3,019413e+00;2013
PYG;4,601108e+03;2013
QAR;3,641507e+00;2013
RON;3,246474e+00;2013
RSD;8,330045e+01;2013
RUB;3,288550e+01;2013
RWF;6,797424e+02;2013
SAR;3,750575e+00;2013
SBD;7,193739e+00;2013
SCR;1,207273e+01;2013
SDG;5,701965e+00;2013
SEK;6,440004e+00;2013
SGD;1,262660e+00;2013
SHP;6,038180e-01;2013
SLL;4,333500e+03;2013
SOS;1,120542e+03;2013
SRD;3,287500e+00;2013
STD;1,784267e+04;2013
SVC;8,758764e+00;2013
SYP;1,412512e+02;2013
SZL;1,048843e+01;2013
THB;3,274134e+01;2013
TJS;4,775000e+00;2013
TMT;2,850167e+00;2013
TND;1,644837e+00;2013
TOP;1,860806e+00;2013
TRY;2,146777e+00;2013
TTD;6,416841e+00;2013
TWD;2,986512e+01;2013
TZS;1,589522e+03;2013
UAH;8,251492e+00;2013
UGX;2,526202e+03;2013
USD;1,000000e+00;2013
UYU;2,124650e+01;2013
UZS;2,202150e+03;2013
VEF;6,296408e+00;2013
VND;2,111660e+04;2013
VUV;9,702250e+01;2013
WST;2,326035e+00;2013
XAF;4,771556e+02;2013
XAG;5,205899e-02;2013
XAU;8,316800e-04;2013
XCD;2,701900e+00;2013
XDR;6,492010e-01;2013
XOF;4,772584e+02;2013
XPF;8,681482e+01;2013
YER;2,151310e+02;2013
ZAR;1,047303e+01;2013
ZMK;5,253075e+03;2013
ZMW;5,532387e+00;2013
ZWL;3,223550e+02;2013
AED;3,673024e+00;2014
AFN;5,827013e+01;2014
ALL;1,155244e+02;2014
AMD;4,748500e+02;2014
ANG;1,789560e+00;2014
AOA;1,028727e+02;2014
ARS;8,480108e+00;2014
AUD;1,223993e+00;2014
AWG;1,790000e+00;2014
AZN;7,835330e-01;2014
BAM;1,614566e+00;2014
BBD;2,000000e+00;2014
BDT;7,794589e+01;2014
BGN;1,611825e+00;2014
BHD;3,770410e-01;2014
BIF;1,571580e+03;2014
BMD;1,000000e+00;2014
BND;1,324633e+00;2014
BOB;6,913519e+00;2014
BRL;2,662773e+00;2014
BSD;1,000000e+00;2014
BTC;3,155689e-03;2014
BTN;6,320741e+01;2014
BWP;9,516149e+00;2014
BYR;1,099298e+04;2014
BZD;1,998830e+00;2014
CAD;1,162125e+00;2014
CDF;9,229368e+02;2014
CHF;9,933510e-01;2014
CLF;2,464900e-02;2014
CLP;6,058860e+02;2014
CNY;6,193968e+00;2014
COP;2,380110e+03;2014
CRC;5,403410e+02;2014
CUP;1,001013e+00;2014
CVE;9,066134e+01;2014
CZK;2,286552e+01;2014
DJF;1,787115e+02;2014
DKK;6,148755e+00;2014
DOP;4,432044e+01;2014
DZD;8,791139e+01;2014
EEK;1,290235e+01;2014
EGP;7,150876e+00;2014
ERN;1,509563e+01;2014
ETB;2,022882e+01;2014
EUR;8,264830e-01;2014
FJD;1,983991e+00;2014
FKP;6,418660e-01;2014
GBP;6,418660e-01;2014
GEL;1,765500e+00;2014
GGP;6,418660e-01;2014
GHS;3,207196e+00;2014
GIP;6,418660e-01;2014
GMD;4,292152e+01;2014
GNF;7,029140e+03;2014
GTQ;7,602873e+00;2014
GYD;2,069601e+02;2014
HKD;7,755470e+00;2014
HNL;2,102920e+01;2014
HRK;6,324661e+00;2014
HTG;4,656271e+01;2014
HUF;2,610355e+02;2014
IDR;1,241988e+04;2014
ILS;3,898800e+00;2014
IMP;6,418660e-01;2014
INR;6,321609e+01;2014
IQD;1,166598e+03;2014
IRR;2,712500e+04;2014
ISK;1,271970e+02;2014
JEP;6,418660e-01;2014
JMD;1,144544e+02;2014
JOD;7,073420e-01;2014
JPY;1,197585e+02;2014
KES;9,058495e+01;2014
KGS;5,888638e+01;2014
KHR;4,072233e+03;2014
KMF;4,061113e+02;2014
KPW;9,000000e+02;2014
KRW;1,094287e+03;2014
KWD;2,928850e-01;2014
KYD;8,283430e-01;2014
KZT;1,828490e+02;2014
LAK;8,100627e+03;2014
LBP;1,512963e+03;2014
LKR;1,312194e+02;2014
LRD;9,150915e+01;2014
LSL;1,156911e+01;2014
LTL;2,849239e+00;2014
LVL;5,799590e-01;2014
LYD;1,204050e+00;2014
MAD;9,058830e+00;2014
MDL;1,561530e+01;2014
MGA;2,590853e+03;2014
MKD;5,058908e+01;2014
MMK;1,032650e+03;2014
MNT;1,884833e+03;2014
MOP;7,999111e+00;2014
MRO;2,923554e+02;2014
MTL;6,836020e-01;2014
MUR;3,171267e+01;2014
MVR;1,530789e+01;2014
MWK;4,680783e+02;2014
MXN;1,474588e+01;2014
MYR;3,502314e+00;2014
MZN;3,342587e+01;2014
NAD;1,156911e+01;2014
NGN;1,828120e+02;2014
NIO;2,653020e+01;2014
NOK;7,455807e+00;2014
NPR;1,011880e+02;2014
NZD;1,282105e+00;2014
OMR;3,850240e-01;2014
PAB;1,000000e+00;2014
PEN;2,980494e+00;2014
PGK;2,587717e+00;2014
PHP;4,477043e+01;2014
PKR;1,006850e+02;2014
PLN;3,541306e+00;2014
PYG;4,634305e+03;2014
QAR;3,641410e+00;2014
RON;3,697955e+00;2014
RSD;1,001649e+02;2014
RUB;5,734148e+01;2014
RWF;6,898280e+02;2014
SAR;3,753150e+00;2014
SBD;7,636542e+00;2014
SCR;1,339713e+01;2014
SDG;5,696197e+00;2014
SEK;7,804656e+00;2014
SGD;1,324943e+00;2014
SHP;6,418660e-01;2014
SLL;4,220000e+03;2014
SOS;7,233688e+02;2014
SRD;3,287500e+00;2014
STD;2,013258e+04;2014
SVC;8,774457e+00;2014
SYP;1,796456e+02;2014
SZL;1,157711e+01;2014
THB;3,289908e+01;2014
TJS;5,213150e+00;2014
TMT;2,850100e+00;2014
TND;1,862311e+00;2014
TOP;1,972865e+00;2014
TRY;2,332686e+00;2014
TTD;6,376800e+00;2014
TWD;3,171271e+01;2014
TZS;1,736765e+03;2014
UAH;1,582510e+01;2014
UGX;2,773192e+03;2014
USD;1,000000e+00;2014
UYU;2,422267e+01;2014
UZS;2,429933e+03;2014
VEF;6,323016e+00;2014
VND;2,139480e+04;2014
VUV;1,029500e+02;2014
WST;2,406451e+00;2014
XAF;5,415697e+02;2014
XAG;6,393012e-02;2014
XAU;8,451800e-04;2014
XCD;2,701540e+00;2014
XDR;6,909370e-01;2014
XOF;5,411603e+02;2014
XPF;9,855509e+01;2014
YER;2,150000e+02;2014
ZAR;1,154446e+01;2014
ZMK;5,253075e+03;2014
ZMW;6,401070e+00;2014
ZWL;3,223550e+02;2014
AED;3,672755e+00;2015
AFN;6,845000e+01;2015
ALL;1,259742e+02;2015
AMD;4,837500e+02;2015
ANG;1,788750e+00;2015
AOA;1,352567e+02;2015
ARS;1,296635e+01;2015
AUD;1,373930e+00;2015
AWG;1,790083e+00;2015
AZN;1,562017e+00;2015
BAM;1,797331e+00;2015
BBD;2,000000e+00;2015
BDT;7,850979e+01;2015
BGN;1,798587e+00;2015
BHD;3,770070e-01;2015
BIF;1,561142e+03;2015
BMD;1,000000e+00;2015
BND;1,417190e+00;2015
BOB;6,911233e+00;2015
BRL;3,952733e+00;2015
BSD;1,000000e+00;2015
BTC;2,324522e-03;2015
BTN;6,623353e+01;2015
BWP;1,127351e+01;2015
BYR;1,864560e+04;2015
BZD;1,997600e+00;2015
CAD;1,387153e+00;2015
CDF;9,243842e+02;2015
CHF;9,995700e-01;2015
CLF;2,460200e-02;2015
CLP;7,089393e+02;2015
CNY;6,493760e+00;2015
COP;3,177832e+03;2015
CRC;5,383633e+02;2015
CUC;1,000000e+00;2015
CUP;1,000725e+00;2015
CVE;1,015498e+02;2015
CZK;2,484395e+01;2015
DJF;1,776581e+02;2015
DKK;6,862802e+00;2015
DOP;4,557096e+01;2015
DZD;1,072086e+02;2015
EEK;1,436632e+01;2015
EGP;7,833873e+00;2015
ERN;1,499850e+01;2015
ETB;2,120362e+01;2015
EUR;9,209610e-01;2015
FJD;2,131800e+00;2015
FKP;6,786070e-01;2015
GBP;6,786070e-01;2015
GEL;2,398725e+00;2015
GGP;6,786070e-01;2015
GHS;3,818445e+00;2015
GIP;6,786070e-01;2015
GMD;3,937956e+01;2015
GNF;7,734152e+03;2015
GTQ;7,638906e+00;2015
GYD;2,060985e+02;2015
HKD;7,750279e+00;2015
HNL;2,231770e+01;2015
HRK;7,028960e+00;2015
HTG;5,690687e+01;2015
HUF;2,897207e+02;2015
IDR;1,380838e+04;2015
ILS;3,892241e+00;2015
IMP;6,786070e-01;2015
INR;6,624515e+01;2015
IQD;1,100595e+03;2015
IRR;2,999150e+04;2015
ISK;1,294988e+02;2015
JEP;6,786070e-01;2015
JMD;1,200966e+02;2015
JOD;7,090360e-01;2015
JPY;1,203742e+02;2015
KES;1,024379e+02;2015
KGS;7,589915e+01;2015
KHR;4,064465e+03;2015
KMF;4,519047e+02;2015
KPW;8,999100e+02;2015
KRW;1,175217e+03;2015
KWD;3,034770e-01;2015
KYD;8,255520e-01;2015
KZT;3,409067e+02;2015
LAK;8,158275e+03;2015
LBP;1,509788e+03;2015
LKR;1,444580e+02;2015
LRD;8,683000e+01;2015
LSL;1,544734e+01;2015
LTL;3,109253e+00;2015
LVL;6,370590e-01;2015
LYD;1,380793e+00;2015
MAD;9,910363e+00;2015
MDL;1,972381e+01;2015
MGA;3,218517e+03;2015
MKD;5,656209e+01;2015
MMK;1,309562e+03;2015
MNT;1,991500e+03;2015
MOP;7,998310e+00;2015
MRO;3,123817e+02;2015
MTL;6,837380e-01;2015
MUR;3,586369e+01;2015
MVR;1,534258e+01;2015
MWK;6,639620e+02;2015
MXN;1,725866e+01;2015
MYR;4,300272e+00;2015
MZN;4,751500e+01;2015
NAD;1,548687e+01;2015
NGN;1,992593e+02;2015
NIO;2,789422e+01;2015
NOK;8,836930e+00;2015
NPR;1,060113e+02;2015
NZD;1,461623e+00;2015
OMR;3,851460e-01;2015
PAB;1,000000e+00;2015
PEN;3,413068e+00;2015
PGK;3,013675e+00;2015
PHP;4,692136e+01;2015
PKR;1,048322e+02;2015
PLN;3,928846e+00;2015
PYG;5,791322e+03;2015
QAR;3,642996e+00;2015
RON;4,162334e+00;2015
RSD;1,118440e+02;2015
RUB;7,310314e+01;2015
RWF;7,480012e+02;2015
SAR;3,754846e+00;2015
SBD;8,136422e+00;2015
SCR;1,302941e+01;2015
SDG;6,168109e+00;2015
SEK;8,434383e+00;2015
SGD;1,416767e+00;2015
SHP;6,786070e-01;2015
SLL;4,151500e+03;2015
SOS;6,210762e+02;2015
SRD;3,992500e+00;2015
STD;2,245567e+04;2015
SVC;8,766089e+00;2015
SYP;2,202613e+02;2015
SZL;1,548587e+01;2015
THB;3,605855e+01;2015
TJS;6,985250e+00;2015
TMT;3,501467e+00;2015
TND;2,036027e+00;2015
TOP;2,233897e+00;2015
TRY;2,916851e+00;2015
TTD;6,429355e+00;2015
TWD;3,291460e+01;2015
TZS;2,159235e+03;2015
UAH;2,403874e+01;2015
UGX;3,378448e+03;2015
USD;1,000000e+00;2015
UYU;2,991664e+01;2015
UZS;2,811240e+03;2015
VEF;6,320462e+00;2015
VND;2,246422e+04;2015
VUV;1,116712e+02;2015
WST;2,542376e+00;2015
XAF;6,043118e+02;2015
XAG;7,215250e-02;2015
XAU;9,415000e-04;2015
XCD;2,701020e+00;2015
XDR;7,220960e-01;2015
XOF;6,060906e+02;2015
XPF;1,096866e+02;2015
YER;2,151338e+02;2015
ZAR;1,548981e+01;2015
ZMK;5,252025e+03;2015
ZMW;1,099796e+01;2015
ZWL;3,223872e+02;2015
AED;3,672895e+00;2016
AFN;6,577050e+01;2016
ALL;1,283318e+02;2016
AMD;4,836550e+02;2016
ANG;1,776025e+00;2016
AOA;1,659025e+02;2016
ARS;1,586800e+01;2016
AUD;1,388600e+00;2016
AWG;1,800250e+00;2016
AZN;1,801700e+00;2016
BAM;1,858420e+00;2016
BBD;2,011799e+00;2016
BDT;7,931295e+01;2016
BGN;1,857330e+00;2016
BHD;3,765700e-01;2016
BIF;1,681000e+03;2016
BMD;1,000000e+00;2016
BND;1,444732e+00;2016
BOB;6,933441e+00;2016
BRL;3,255200e+00;2016
BSD;1,003438e+00;2016
BTC;1,035061e-03;2016
BTN;6,798575e+01;2016
BWP;1,071985e+01;2016
BYN;1,965632e+00;2016
BYR;2,002625e+04;2016
BZD;2,016811e+00;2016
CAD;1,344466e+00;2016
CDF;1,169951e+03;2016
CHF;1,019400e+00;2016
CLF;2,517300e-02;2016
CLP;6,691000e+02;2016
CNY;6,944700e+00;2016
COP;3,002000e+03;2016
CRC;5,528131e+02;2016
CUC;1,000000e+00;2016
CUP;2,472838e+01;2016
CVE;1,042835e+02;2016
CZK;2,568255e+01;2016
DJF;1,785800e+02;2016
DKK;7,066300e+00;2016
DOP;4,669790e+01;2016
DZD;1,103970e+02;2016
EEK;1,486225e+01;2016
EGP;1,812700e+01;2016
ERN;1,514000e+01;2016
ETB;2,247496e+01;2016
EUR;9,503400e-01;2016
FJD;2,105300e+00;2016
FKP;8,101900e-01;2016
GBP;8,101900e-01;2016
GEL;2,653680e+00;2016
GGP;8,101900e-01;2016
GHS;4,270000e+00;2016
GIP;8,101900e-01;2016
GMD;4,270000e+01;2016
GNF;9,456950e+03;2016
GTQ;7,517347e+00;2016
GYD;2,078610e+02;2016
HKD;7,754840e+00;2016
HNL;2,335838e+01;2016
HRK;7,175300e+00;2016
HTG;6,722209e+01;2016
HUF;2,942800e+02;2016
IDR;1,341282e+04;2016
ILS;3,851770e+00;2016
IMP;8,101900e-01;2016
INR;6,796690e+01;2016
IQD;1,188076e+03;2016
IRR;3,008001e+04;2016
ISK;1,129314e+02;2016
JEP;8,101900e-01;2016
JMD;1,292982e+02;2016
JOD;7,080990e-01;2016
JPY;1,169695e+02;2016
KES;1,024417e+02;2016
KGS;6,924585e+01;2016
KHR;4,057700e+03;2016
KMF;4,657667e+02;2016
KPW;8,999100e+02;2016
KRW;1,207260e+03;2016
KWD;3,053650e-01;2016
KYD;8,361940e-01;2016
KZT;3,349259e+02;2016
LAK;8,213250e+03;2016
LBP;1,514872e+03;2016
LKR;1,503197e+02;2016
LRD;9,299457e+01;2016
LSL;1,374836e+01;2016
LTL;3,279703e+00;2016
LVL;6,675760e-01;2016
LYD;1,446400e+00;2016
MAD;1,011873e+01;2016
MDL;1,993763e+01;2016
MGA;3,372302e+03;2016
MKD;5,846028e+01;2016
MMK;1,370100e+03;2016
MNT;2,484167e+03;2016
MOP;8,014704e+00;2016
MRO;3,599268e+02;2016
MTL;6,837380e-01;2016
MUR;3,600000e+01;2016
MVR;1,539967e+01;2016
MWK;7,214305e+02;2016
MXN;2,073516e+01;2016
MYR;4,486016e+00;2016
MZN;7,134000e+01;2016
NAD;1,374836e+01;2016
NGN;3,058008e+02;2016
NIO;2,956143e+01;2016
NOK;8,647050e+00;2016
NPR;1,089058e+02;2016
NZD;1,444409e+00;2016
OMR;3,848350e-01;2016
PAB;1,003418e+00;2016
PEN;3,352850e+00;2016
PGK;3,187192e+00;2016
PHP;4,959088e+01;2016
PKR;1,047323e+02;2016
PLN;4,186150e+00;2016
PYG;5,763350e+03;2016
QAR;3,641300e+00;2016
RON;4,313794e+00;2016
RSD;1,171709e+02;2016
RUB;6,126630e+01;2016
RWF;8,363450e+02;2016
SAR;3,750550e+00;2016
SBD;7,941094e+00;2016
SCR;1,344857e+01;2016
SDG;6,517064e+00;2016
SEK;9,107345e+00;2016
SGD;1,447300e+00;2016
SHP;8,101900e-01;2016
SLL;5,491440e+03;2016
SOS;5,804141e+02;2016
SRD;7,414500e+00;2016
STD;2,326300e+04;2016
SVC;8,780056e+00;2016
SYP;2,133000e+02;2016
SZL;1,374623e+01;2016
THB;3,579600e+01;2016
TJS;7,896613e+00;2016
TMT;3,499972e+00;2016
TND;2,301490e+00;2016
TOP;2,307790e+00;2016
TRY;3,525985e+00;2016
TTD;6,742720e+00;2016
TWD;3,242550e+01;2016
TZS;2,178650e+03;2016
UAH;2,719187e+01;2016
UGX;3,617250e+03;2016
USD;1,000000e+00;2016
UYU;2,932540e+01;2016
UZS;3,215850e+03;2016
VEF;9,995005e+00;2016
VND;2,273942e+04;2016
VUV;1,102467e+02;2016
WST;2,587833e+00;2016
XAF;6,229285e+02;2016
XAG;6,281429e-02;2016
XAU;8,677800e-04;2016
XCD;2,702550e+00;2016
XDR;7,438640e-01;2016
XOF;6,244967e+02;2016
XPD;1,467680e-03;2016
XPF;1,142871e+02;2016
XPT;1,108090e-03;2016
YER;2,502250e+02;2016
ZAR;1,373724e+01;2016
ZMK;5,253075e+03;2016
ZMW;9,834678e+00;2016
ZWL;3,223872e+02;2016
AED;3,672867e+00;2017
AFN;6,950810e+01;2017
ALL;1,108153e+02;2017
AMD;4,832550e+02;2017
ANG;1,782398e+00;2017
AOA;1,659235e+02;2017
ARS;1,915400e+01;2017
AUD;1,280600e+00;2017
AWG;1,789996e+00;2017
AZN;1,700000e+00;2017
BAM;1,629244e+00;2017
BBD;2,000000e+00;2017
BDT;8,267196e+01;2017
BGN;1,629285e+00;2017
BHD;3,768260e-01;2017
BIF;1,758190e+03;2017
BMD;1,000000e+00;2017
BND;1,333812e+00;2017
BOB;6,924906e+00;2017
BRL;3,311517e+00;2017
BSD;1,000000e+00;2017
BTC;7,204295e-05;2017
BTN;6,376607e+01;2017
BWP;9,813900e+00;2017
BYN;1,976404e+00;2017
BZD;2,007059e+00;2017
CAD;1,258281e+00;2017
CDF;1,595000e+03;2017
CHF;9,739550e-01;2017
CLF;2,305000e-02;2017
CLP;6,147062e+02;2017
CNH;6,513599e+00;2017
CNY;6,527050e+00;2017
COP;2,985740e+03;2017
CRC;5,653727e+02;2017
CUC;1,000000e+00;2017
CUP;2,550000e+01;2017
CVE;9,220000e+01;2017
CZK;2,127889e+01;2017
DJF;1,785700e+02;2017
DKK;6,203474e+00;2017
DOP;4,833002e+01;2017
DZD;1,146901e+02;2017
EGP;1,777150e+01;2017
ERN;1,524612e+01;2017
ETB;2,736200e+01;2017
EUR;8,332000e-01;2017
FJD;2,037958e+00;2017
FKP;7,399150e-01;2017
GBP;7,399150e-01;2017
GEL;2,594406e+00;2017
GGP;7,399150e-01;2017
GHS;4,531000e+00;2017
GIP;7,399150e-01;2017
GMD;4,766250e+01;2017
GNF;9,014850e+03;2017
GTQ;7,339400e+00;2017
GYD;2,067332e+02;2017
HKD;7,813938e+00;2017
HNL;2,361355e+01;2017
HRK;6,191275e+00;2017
HTG;6,381238e+01;2017
HUF;2,588350e+02;2017
IDR;1,355695e+04;2017
ILS;3,475108e+00;2017
IMP;7,399150e-01;2017
INR;6,385080e+01;2017
IQD;1,188150e+03;2017
IRR;3,563646e+04;2017
ISK;1,033068e+02;2017
JEP;7,399150e-01;2017
JMD;1,243950e+02;2017
JOD;7,105140e-01;2017
JPY;1,126761e+02;2017
KES;1,031587e+02;2017
KGS;6,945600e+01;2017
KHR;4,059442e+03;2017
KMF;4,106647e+02;2017
KPW;9,000000e+02;2017
KRW;1,067070e+03;2017
KWD;3,014740e-01;2017
KYD;8,321770e-01;2017
KZT;3,322803e+02;2017
LAK;8,306950e+03;2017
LBP;1,510792e+03;2017
LKR;1,533130e+02;2017
LRD;1,254815e+02;2017
LSL;1,233216e+01;2017
LYD;1,358919e+00;2017
MAD;9,351489e+00;2017
MDL;1,709434e+01;2017
MGA;3,261160e+03;2017
MKD;5,125794e+01;2017
MMK;1,351799e+03;2017
MNT;2,422887e+03;2017
MOP;8,037250e+00;2017
MRO;3,547443e+02;2017
MRU;3,510000e+01;2017
MUR;3,354815e+01;2017
MVR;1,540025e+01;2017
MWK;7,249789e+02;2017
MXN;1,967731e+01;2017
MYR;4,061400e+00;2017
MZN;5,900255e+01;2017
NAD;1,236750e+01;2017
NGN;3,592207e+02;2017
NIO;3,080244e+01;2017
NOK;8,207823e+00;2017
NPR;1,020294e+02;2017
NZD;1,408227e+00;2017
OMR;3,848320e-01;2017
PAB;1,000000e+00;2017
PEN;3,237925e+00;2017
PGK;3,212945e+00;2017
PHP;4,996400e+01;2017
PKR;1,105543e+02;2017
PLN;3,483900e+00;2017
PYG;5,582400e+03;2017
QAR;3,639547e+00;2017
RON;3,887112e+00;2017
RSD;9,852311e+01;2017
RUB;5,762365e+01;2017
RWF;8,533833e+02;2017
SAR;3,750250e+00;2017
SBD;7,762342e+00;2017
SCR;1,404609e+01;2017
SDG;7,007657e+00;2017
SEK;8,184313e+00;2017
SGD;1,337435e+00;2017
SHP;7,399150e-01;2017
SLL;7,650844e+03;2017
SOS;5,855780e+02;2017
SRD;7,458000e+00;2017
SSP;1,302634e+02;2017
STD;2,045852e+04;2017
STN;2,045852e+01;2017
SVC;8,738200e+00;2017
SYP;5,149900e+02;2017
SZL;1,237500e+01;2017
THB;3,252450e+01;2017
TJS;8,813354e+00;2017
TMT;3,509974e+00;2017
TND;2,457001e+00;2017
TOP;2,263879e+00;2017
TRY;3,795916e+00;2017
TTD;6,720266e+00;2017
TWD;2,966480e+01;2017
TZS;2,232273e+03;2017
UAH;2,811292e+01;2017
UGX;3,635133e+03;2017
USD;1,000000e+00;2017
UYU;2,879468e+01;2017
UZS;8,108250e+03;2017
VEF;9,985022e+00;2017
VND;2,270141e+04;2017
VUV;1,057904e+02;2017
WST;2,533775e+00;2017
XAF;5,465434e+02;2017
XAG;5,907381e-02;2017
XAU;7,675500e-04;2017
XCD;2,702550e+00;2017
XDR;7,021810e-01;2017
XOF;5,465434e+02;2017
XPD;9,396000e-04;2017
XPF;9,942721e+01;2017
XPT;1,074470e-03;2017
YER;2,503211e+02;2017
ZAR;1,237860e+01;2017
ZMW;9,985571e+00;2017
ZWL;3,223550e+02;2017
AED;3,672779e+00;2018
AFN;7,544659e+01;2018
ALL;1,079466e+02;2018
AMD;4,854648e+02;2018
ANG;1,775755e+00;2018
AOA;3,086070e+02;2018
ARS;3,761500e+01;2018
AUD;1,420477e+00;2018
AWG;1,799996e+00;2018
AZN;1,702500e+00;2018
BAM;1,708499e+00;2018
BBD;2,000000e+00;2018
BDT;8,364538e+01;2018
BGN;1,708410e+00;2018
BHD;3,769520e-01;2018
BIF;1,798946e+03;2018
BMD;1,000000e+00;2018
BND;1,575802e+00;2018
BOB;6,913079e+00;2018
BRL;3,881518e+00;2018
BSD;1,000000e+00;2018
BTC;2,697069e-04;2018
BTN;6,980431e+01;2018
BWP;1,071189e+01;2018
BYN;2,166950e+00;2018
BZD;2,016604e+00;2018
CAD;1,364564e+00;2018
CDF;1,637081e+03;2018
CHF;9,853670e-01;2018
CLF;2,421400e-02;2018
CLP;6,937700e+02;2018
CNH;6,873300e+00;2018
CNY;6,878563e+00;2018
COP;3,236464e+03;2018
CRC;6,047504e+02;2018
CUC;1,000000e+00;2018
CUP;2,575000e+01;2018
CVE;9,656075e+01;2018
CZK;2,242010e+01;2018
DJF;1,780250e+02;2018
DKK;6,511400e+00;2018
DOP;5,056370e+01;2018
DZD;1,181799e+02;2018
EGP;1,787750e+01;2018
ERN;1,500548e+01;2018
ETB;2,827058e+01;2018
EUR;8,702080e-01;2018
FJD;2,141044e+00;2018
FKP;7,849000e-01;2018
GBP;7,849000e-01;2018
GEL;2,680000e+00;2018
GGP;7,849000e-01;2018
GHS;4,856241e+00;2018
GIP;7,849000e-01;2018
GMD;4,944750e+01;2018
GNF;9,148364e+03;2018
GTQ;7,730914e+00;2018
GYD;2,094856e+02;2018
HKD;7,831161e+00;2018
HNL;2,439464e+01;2018
HRK;6,462600e+00;2018
HTG;7,734894e+01;2018
HUF;2,799500e+02;2018
IDR;1,441152e+04;2018
ILS;3,739130e+00;2018
IMP;7,849000e-01;2018
INR;6,956900e+01;2018
IQD;1,191000e+03;2018
IRR;4,210500e+04;2018
ISK;1,161800e+02;2018
JEP;7,849000e-01;2018
JMD;1,274509e+02;2018
JOD;7,096030e-01;2018
JPY;1,096347e+02;2018
KES;1,018989e+02;2018
KGS;6,870779e+01;2018
KHR;4,030000e+03;2018
KMF;4,308760e+02;2018
KPW;9,000000e+02;2018
KRW;1,113500e+03;2018
KWD;3,034140e-01;2018
KYD;8,337270e-01;2018
KZT;3,844964e+02;2018
LAK;8,545000e+03;2018
LBP;1,509704e+03;2018
LKR;1,830384e+02;2018
LRD;1,572995e+02;2018
LSL;1,438873e+01;2018
LYD;1,392165e+00;2018
MAD;9,555000e+00;2018
MDL;1,710547e+01;2018
MGA;3,490899e+03;2018
MKD;5,380101e+01;2018
MMK;1,545652e+03;2018
MNT;2,453750e+03;2018
MOP;8,070640e+00;2018
MRO;3,570000e+02;2018
MRU;3,635000e+01;2018
MUR;3,430015e+01;2018
MVR;1,545999e+01;2018
MWK;7,765289e+02;2018
MXN;1,964869e+01;2018
MYR;4,132500e+00;2018
MZN;6,104897e+01;2018
NAD;1,438986e+01;2018
NGN;3,645000e+02;2018
NIO;3,246430e+01;2018
NOK;8,640056e+00;2018
NPR;1,116840e+02;2018
NZD;1,487653e+00;2018
OMR;3,850260e-01;2018
PAB;1,000000e+00;2018
PEN;3,378497e+00;2018
PGK;3,379331e+00;2018
PHP;5,242327e+01;2018
PKR;1,398560e+02;2018
PLN;3,741000e+00;2018
PYG;5,966959e+03;2018
QAR;3,641194e+00;2018
RON;4,061304e+00;2018
RSD;1,031709e+02;2018
RUB;6,920900e+01;2018
RWF;8,861894e+02;2018
SAR;3,751250e+00;2018
SBD;8,237294e+00;2018
SCR;1,364613e+01;2018
SDG;4,763950e+01;2018
SEK;8,933855e+00;2018
SGD;1,362792e+00;2018
SHP;7,849000e-01;2018
SLL;8,390000e+03;2018
SOS;5,792437e+02;2018
SRD;7,458000e+00;2018
SSP;1,302634e+02;2018
STD;2,105060e+04;2018
STN;2,147500e+01;2018
SVC;8,753943e+00;2018
SYP;5,153600e+02;2018
SZL;1,438367e+01;2018
THB;3,224275e+01;2018
TJS;9,423786e+00;2018
TMT;3,499986e+00;2018
TND;2,955584e+00;2018
TOP;2,275158e+00;2018
TRY;5,288324e+00;2018
TTD;6,802678e+00;2018
TWD;3,058006e+01;2018
TZS;2,299877e+03;2018
UAH;2,772169e+01;2018
UGX;3,711606e+03;2018
USD;1,000000e+00;2018
UYU;3,240837e+01;2018
UZS;8,345892e+03;2018
VEF;2,484876e+05;2018
VES;6,375791e+02;2018
VND;2,311621e+04;2018
VUV;1,111579e+02;2018
WST;2,608360e+00;2018
XAF;5,708193e+02;2018
XAG;6,455164e-02;2018
XAU;7,795100e-04;2018
XCD;2,702550e+00;2018
XDR;7,167530e-01;2018
XOF;5,708193e+02;2018
XPD;7,886100e-04;2018
XPF;1,038435e+02;2018
XPT;1,255510e-03;2018
YER;2,503007e+02;2018
ZAR;1,436125e+01;2018
ZMW;1,193010e+01;2018
ZWL;3,223550e+02;2018
AED;3,673200e+00;2019
AFN;7,810229e+01;2019
ALL;1,085634e+02;2019
AMD;4,788915e+02;2019
ANG;1,687163e+00;2019
AOA;4,822270e+02;2019
ARS;5,984070e+01;2019
AUD;1,425517e+00;2019
AWG;1,800000e+00;2019
AZN;1,702500e+00;2019
BAM;1,741620e+00;2019
BBD;2,000000e+00;2019
BDT;8,487645e+01;2019
BGN;1,743540e+00;2019
BHD;3,770460e-01;2019
BIF;1,881637e+03;2019
BMD;1,000000e+00;2019
BND;1,347037e+00;2019
BOB;6,903467e+00;2019
BRL;4,019969e+00;2019
BSD;1,000000e+00;2019
BTC;1,393073e-04;2019
BTN;7,136942e+01;2019
BWP;1,057986e+01;2019
BYN;2,109097e+00;2019
BZD;2,015280e+00;2019
CAD;1,300450e+00;2019
CDF;1,685846e+03;2019
CHF;9,674000e-01;2019
CLF;2,674600e-02;2019
CLP;7,394017e+02;2019
CNH;6,960300e+00;2019
CNY;6,963300e+00;2019
COP;3,285756e+03;2019
CRC;5,717391e+02;2019
CUC;1,000000e+00;2019
CUP;2,575000e+01;2019
CVE;9,865000e+01;2019
CZK;2,266790e+01;2019
DJF;1,780000e+02;2019
DKK;6,663200e+00;2019
DOP;5,294779e+01;2019
DZD;1,190824e+02;2019
EGP;1,603457e+01;2019
ERN;1,499972e+01;2019
ETB;3,196085e+01;2019
EUR;8,912730e-01;2019
FJD;2,144600e+00;2019
FKP;7,541000e-01;2019
GBP;7,541000e-01;2019
GEL;2,860000e+00;2019
GGP;7,541000e-01;2019
GHS;5,700000e+00;2019
GIP;7,541000e-01;2019
GMD;5,125000e+01;2019
GNF;9,562247e+03;2019
GTQ;7,703356e+00;2019
GYD;2,091663e+02;2019
HKD;7,788550e+00;2019
HNL;2,465243e+01;2019
HRK;6,632827e+00;2019
HTG;9,517812e+01;2019
HUF;2,952779e+02;2019
IDR;1,388300e+04;2019
ILS;3,454200e+00;2019
IMP;7,541000e-01;2019
INR;7,130100e+01;2019
IQD;1,192128e+03;2019
IRR;4,210500e+04;2019
ISK;1,211100e+02;2019
JEP;7,541000e-01;2019
JMD;1,325058e+02;2019
JOD;7,090000e-01;2019
JPY;1,086850e+02;2019
KES;1,013534e+02;2019
KGS;6,950085e+01;2019
KHR;4,080169e+03;2019
KMF;4,388500e+02;2019
KPW;9,000000e+02;2019
KRW;1,154740e+03;2019
KWD;3,031970e-01;2019
KYD;8,331920e-01;2019
KZT;3,828392e+02;2019
LAK;8,883818e+03;2019
LBP;1,512834e+03;2019
LKR;1,813354e+02;2019
LRD;1,875999e+02;2019
LSL;1,402374e+01;2019
LYD;1,399256e+00;2019
MAD;9,564013e+00;2019
MDL;1,717758e+01;2019
MGA;3,695706e+03;2019
MKD;5,483691e+01;2019
MMK;1,475677e+03;2019
MNT;2,700546e+03;2019
MOP;8,017629e+00;2019
MRO;3,570000e+02;2019
MRU;3,770277e+01;2019
MUR;3,634903e+01;2019
MVR;1,545000e+01;2019
MWK;7,373421e+02;2019
MXN;1,893240e+01;2019
MYR;4,090500e+00;2019
MZN;6,148875e+01;2019
NAD;1,402374e+01;2019
NGN;3,633318e+02;2019
NIO;3,377804e+01;2019
NOK;8,819600e+00;2019
NPR;1,143621e+02;2019
NZD;1,488097e+00;2019
OMR;3,850090e-01;2019
PAB;1,000000e+00;2019
PEN;3,314657e+00;2019
PGK;3,414366e+00;2019
PHP;5,061072e+01;2019
PKR;1,548787e+02;2019
PLN;3,805750e+00;2019
PYG;6,451674e+03;2019
QAR;3,641000e+00;2019
RON;4,264785e+00;2019
RSD;1,048050e+02;2019
RUB;6,204518e+01;2019
RWF;9,427417e+02;2019
SAR;3,751104e+00;2019
SBD;8,303902e+00;2019
SCR;1,370045e+01;2019
SDG;4,515000e+01;2019
SEK;9,367900e+00;2019
SGD;1,348800e+00;2019
SHP;7,541000e-01;2019
SLL;7,488043e+03;2019
SOS;5,794181e+02;2019
SRD;7,458000e+00;2019
SSP;1,302600e+02;2019
STD;2,156079e+04;2019
STN;2,200000e+01;2019
SVC;8,748653e+00;2019
SYP;5,149049e+02;2019
SZL;1,402648e+01;2019
THB;2,969486e+01;2019
TJS;9,686031e+00;2019
TMT;3,500000e+00;2019
TND;2,775000e+00;2019
TOP;2,285270e+00;2019
TRY;5,948800e+00;2019
TTD;6,760193e+00;2019
TWD;2,991300e+01;2019
TZS;2,297584e+03;2019
UAH;2,369461e+01;2019
UGX;3,664311e+03;2019
USD;1,000000e+00;2019
UYU;3,721296e+01;2019
UZS;9,505639e+03;2019
VEF;2,484876e+05;2019
VES;3,347486e+04;2019
VND;2,317964e+04;2019
VUV;1,153300e+02;2019
WST;2,627858e+00;2019
XAF;5,846364e+02;2019
XAG;5,599889e-02;2019
XAU;6,590900e-04;2019
XCD;2,702550e+00;2019
XDR;7,223530e-01;2019
XOF;5,846364e+02;2019
XPD;5,132700e-04;2019
XPF;1,063571e+02;2019
XPT;1,036280e-03;2019
YER;2,503500e+02;2019
ZAR;1,401090e+01;2019
ZMW;1,407237e+01;2019
ZWL;3,220000e+02;2019
