"v1","v2","v3","v4","v5","v6","v7","v8","v9","v10","v11","v12","v13","v14","v15","v16","v17","v18","v19","v20","v21","v22","v23","v24","v25","v26","v27","v28","v29","v30","v31","v32","v33","v34","v35","v36","v37","v38","v39","v40","v41","v42","v43","v44","v45","v46","v47","v48","v49","v50","v51","v52","v53"
,"10101101","10101102","10101103","10101104","10101108","10101105","10101106","10101107","10101110","10101201","10101202","10101203","10101204","10101205","10101206","10101207","50102002","50103003","10302002","40101001","10401001","10401003","10402101","10402102","10402103","10402104","10402105","10402107","10402108","10402201","10402202","10402203","10402204","10402207","10402301","10402302","10402303","10402304","10402305","10402307","10501001","10501002",,,,,,,,,,
"Malaysia",,,,,,,,,,,,,,,,,,,,,,,,,,,,,,,,,,,,,,,,,,,,,,,,,,,,
"Sources:","Income: Atkinson, Anthony B. (2015). Top incomes in Malaysia; 1947 to the present_x000D_(with a note on the Straits Settlements 1916 to 1921). WTID Methodological note._x000D_",,,,,,,,,,,,,,,,,,,,,,,,,,,,,,,,,,,,,,,,,,,,,,,,,,,
"Notes:","Up to 1988, Peninsular Malaysia; from 1989, Malaysia.","Up to 1988, Peninsular Malaysia; from 1989, Malaysia.","Up to 1988, Peninsular Malaysia; from 1989, Malaysia.","Up to 1988, Peninsular Malaysia; from 1989, Malaysia.","Up to 1988, Peninsular Malaysia; from 1989, Malaysia.","Up to 1988, Peninsular Malaysia; from 1989, Malaysia.","Up to 1988, Peninsular Malaysia; from 1989, Malaysia.","Up to 1988, Peninsular Malaysia; from 1989, Malaysia.","Up to 1988, Peninsular Malaysia; from 1989, Malaysia.","Up to 1988, Peninsular Malaysia; from 1989, Malaysia.","Up to 1988, Peninsular Malaysia; from 1989, Malaysia.","Up to 1988, Peninsular Malaysia; from 1989, Malaysia.","Up to 1988, Peninsular Malaysia; from 1989, Malaysia.","Up to 1988, Peninsular Malaysia; from 1989, Malaysia.","Up to 1988, Peninsular Malaysia; from 1989, Malaysia.","Up to 1988, Peninsular Malaysia; from 1989, Malaysia.","Individuals aged 15+. Up to 1988, Peninsular Malaysia; from 1989, Malaysia.","Individuals aged 15+. Up to 1988, Peninsular Malaysia; from 1989, Malaysia.","Up to 1988, Peninsular Malaysia; from 1989, Malaysia.","Consumer price index from www.globalfinancialdata.com, average for year t.","Individuals aged 15+. Up to 1988, Peninsular Malaysia; from 1989, Malaysia.","Individuals aged 15+. Up to 1988, Peninsular Malaysia; from 1989, Malaysia.",,,,,,,,,,,,,,,,,,,"The Pareto-Lorenz a coefficients were computed using the top shares estimates (from the top 0.5% share within the top 1% share): a=1/[1-log(S1%/S0.5%)/log(2)].","The inverted Pareto-Lorenz b coefficients were computed from the Pareto-Lorenz a coefficients using the formula b=a/(a-1). Alternatively they can be computed by using directly the top income shares estimates and the formula: b=1/[log(Skx%/Sx%)/log(k)].",,"Percentiles expressed as ratio to mean",,,,,,,,
"Units","%","%","%","%","%","%","%","%","%","%","%","%","%","%","%","%","Thousand","Thousand","Nominal million MYR","2014=1.00","Real 2010 MYR","Real 2014 MYR","Real 2014 MYR","Real 2014 MYR","Real 2014 MYR","Real 2014 MYR","Real 2014 MYR","Real 2014 MYR","Real 2014 MYR","Real 2014 MYR","Real 2014 MYR","Real 2014 MYR","Real 2014 MYR","Real 2014 MYR","Real 2014 MYR","Real 2014 MYR","Real 2014 MYR","Real 2014 MYR","Real 2014 MYR","Real 2014 MYR",,,,,,,,,,,,
"Data/No Data","1","1","1","1","1","1","1","1","1","1","1","1","1","1","1","1","1","1","1","1","1","1","1","1","1","1","1","1","1","1","1","1","1","1","1","1","1","1","1","1","1","1",,,,,,,,,,
"Download/No Downloand","1","1","1","1","1","1","1","1","1","1","1","1","1","1","1","1","1","1","1","1","1","1","1","1","1","1","1","1","1","1","1","1","1","1","1","1","1","1","1","1","1","1",,,,,,,,,,
"Keep decimals","2","2","2","2","2","2","2","2","2","2","2","2","2","2","2","2","3","3","5","7","2","2","2","2","2","2","2","2","2","2","2","2","2","2","2","2","2","2","2","2","3","3",,,,,,,,,,
"Show decimals","2","2","2","2","2","2","2","2","2","2","2","2","2","2","2","2","0","0","0","5","0","0","0","0","0","0","0","0","0","0","0","0","0","0","0","0","0","0","0","0","2","2",,,,,,,,,,
"Category","Top income shares","Top income shares","Top income shares","Top income shares",,"Top income shares","Top income shares",,,"Top income shares","Top income shares","Top income shares","Top income shares","Top income shares","Top income shares","Top income shares","Population units","Population units","Income","Price index","Average incomes","Average incomes","Average incomes","Average incomes","Average incomes","Average incomes","Average incomes","Average incomes","Average incomes","Average incomes","Average incomes","Average incomes","Average incomes","Average incomes","Average incomes","Average incomes","Average incomes","Average incomes","Average incomes","Average incomes","Pareto-Lorenz coefficients","Pareto-Lorenz coefficients",,,,,,,,,,
"Subcategory","Top income shares","Top income shares","Top income shares","Top income shares","Top income shares","Top income shares","Top income shares","Top income shares","Top income shares","Top income shares","Top income shares","Top income shares","Top income shares","Top income shares","Top income shares","Top income shares","Number of adults","Number of tax units","Fiscal income control","Price index","Average income per tax unit","Average income per adult","Fractiles income levels","Fractiles income levels","Fractiles income levels","Fractiles income levels","Fractiles income levels","Fractiles income levels","Fractiles income levels","Fractiles income levels","Fractiles income levels","Fractiles income levels","Fractiles income levels","Fractiles income levels","Fractiles income levels","Fractiles income levels","Fractiles income levels","Fractiles income levels","Fractiles income levels","Fractiles income levels","Pareto-Lorenz coefficient","Inverted Pareto-Lorenz coefficient",,,,,,,,,,
,,,,,,,,,,,,,,,,,,,,,,,,,,,,,,,,,,,,,,,,,,,,,,,,,,,,
"Variable","Top 10% income share","Top 5% income share","Top 1% income share","Top 0.5% income share","Top 0.25% income share","Top 0.1% income share","Top 0.05% income share","Top 0.01% income share","Top 0.005% income share","Top 10-5% income share","Top 5-1% income share","Top 1-0.5% income share","Top 0.5-0.1% income share","Top 0.1-0.05% income share","Top 0.05-0.01% income share","Top 0.1-0.01% income share","Number of adults","Number of tax units","Fiscal income control","Price index","Average income per tax unit","Average income per adult","Top 10% average income","Top 5% average income","Top 1% average income","Top 0.5% average income","Top 0.1% average income","Top 0.01% average income","Bottom 90% average income","Top 10-5% average income","Top 5-1% average income","Top 1-0.5% average income","Top 0.5-0.1% average income","Top 0.1-0.01% average income","P90 income threshold","P95 income threshold","P99 income threshold","P99.5 income threshold","P99.9 income threshold","P99.99 income threshold","Pareto-Lorenz coefficient","Inverted Pareto-Lorenz coefficient",,"10%","5%","0.010000","0.005000"," 0.002500"," 0.00100"," 0.00050"," 0.00010"," 0.00005"
"Subvariable",,,,,,,,,,,,,,,,,,,,,,,,,,,,,,,,,,,,,,,,,,,,,,,,,,,,
"1900",,,,,,,,,,,,,,,,,,,,,,,,,,,,,,,,,,,,,,,,,,,,,,,,,,,,
"1901",,,,,,,,,,,,,,,,,,,,,,,,,,,,,,,,,,,,,,,,,,,,,,,,,,,,
"1902",,,,,,,,,,,,,,,,,,,,,,,,,,,,,,,,,,,,,,,,,,,,,,,,,,,,
"1903",,,,,,,,,,,,,,,,,,,,,,,,,,,,,,,,,,,,,,,,,,,,,,,,,,,,
"1904",,,,,,,,,,,,,,,,,,,,,,,,,,,,,,,,,,,,,,,,,,,,,,,,,,,,
"1905",,,,,,,,,,,,,,,,,,,,,,,,,,,,,,,,,,,,,,,,,,,,,,,,,,,,
"1906",,,,,,,,,,,,,,,,,,,,,,,,,,,,,,,,,,,,,,,,,,,,,,,,,,,,
"1907",,,,,,,,,,,,,,,,,,,,,,,,,,,,,,,,,,,,,,,,,,,,,,,,,,,,
"1908",,,,,,,,,,,,,,,,,,,,,,,,,,,,,,,,,,,,,,,,,,,,,,,,,,,,
"1909",,,,,,,,,,,,,,,,,,,,,,,,,,,,,,,,,,,,,,,,,,,,,,,,,,,,
"1910",,,,,,,,,,,,,,,,,,,,,,,,,,,,,,,,,,,,,,,,,,,,,,,,,,,,
"1911",,,,,,,,,,,,,,,,,,,,,,,,,,,,,,,,,,,,,,,,,,,,,,,,,,,,
"1912",,,,,,,,,,,,,,,,,,,,,,,,,,,,,,,,,,,,,,,,,,,,,,,,,,,,
"1913",,,,,,,,,,,,,,,,,,,,,,,,,,,,,,,,,,,,,,,,,,,,,,,,,,,,
"1914",,,,,,,,,,,,,,,,,,,,,,,,,,,,,,,,,,,,,,,,,,,,,,,,,,,,
"1915",,,,,,,,,,,,,,,,,,,,,,,,,,,,,,,,,,,,,,,,,,,,,,,,,,,,
"1916",,,,,,,,,,,,,,,,,,,,,,,,,,,,,,,,,,,,,,,,,,,,,,,,,,,,
"1917",,,,,,,,,,,,,,,,,,,,,,,,,,,,,,,,,,,,,,,,,,,,,,,,,,,,
"1918",,,,,,,,,,,,,,,,,,,,,,,,,,,,,,,,,,,,,,,,,,,,,,,,,,,,
"1919",,,,,,,,,,,,,,,,,,,,,,,,,,,,,,,,,,,,,,,,,,,,,,,,,,,,
"1920",,,,,,,,,,,,,,,,,,,,,,,,,,,,,,,,,,,,,,,,,,,,,,,,,,,,
"1921",,,,,,,,,,,,,,,,,,,,,,,,,,,,,,,,,,,,,,,,,,,,,,,,,,,,
"1922",,,,,,,,,,,,,,,,,,,,,,,,,,,,,,,,,,,,,,,,,,,,,,,,,,,,
"1923",,,,,,,,,,,,,,,,,,,,,,,,,,,,,,,,,,,,,,,,,,,,,,,,,,,,
"1924",,,,,,,,,,,,,,,,,,,,,,,,,,,,,,,,,,,,,,,,,,,,,,,,,,,,
"1925",,,,,,,,,,,,,,,,,,,,,,,,,,,,,,,,,,,,,,,,,,,,,,,,,,,,
"1926",,,,,,,,,,,,,,,,,,,,,,,,,,,,,,,,,,,,,,,,,,,,,,,,,,,,
"1927",,,,,,,,,,,,,,,,,,,,,,,,,,,,,,,,,,,,,,,,,,,,,,,,,,,,
"1928",,,,,,,,,,,,,,,,,,,,,,,,,,,,,,,,,,,,,,,,,,,,,,,,,,,,
"1929",,,,,,,,,,,,,,,,,,,,,,,,,,,,,,,,,,,,,,,,,,,,,,,,,,,,
"1930",,,,,,,,,,,,,,,,,,,,,,,,,,,,,,,,,,,,,,,,,,,,,,,,,,,,
"1931",,,,,,,,,,,,,,,,,,,,,,,,,,,,,,,,,,,,,,,,,,,,,,,,,,,,
"1932",,,,,,,,,,,,,,,,,,,,,,,,,,,,,,,,,,,,,,,,,,,,,,,,,,,,
"1933",,,,,,,,,,,,,,,,,,,,,,,,,,,,,,,,,,,,,,,,,,,,,,,,,,,,
"1934",,,,,,,,,,,,,,,,,,,,,,,,,,,,,,,,,,,,,,,,,,,,,,,,,,,,
"1935",,,,,,,,,,,,,,,,,,,,,,,,,,,,,,,,,,,,,,,,,,,,,,,,,,,,
"1936",,,,,,,,,,,,,,,,,,,,,,,,,,,,,,,,,,,,,,,,,,,,,,,,,,,,
"1937",,,,,,,,,,,,,,,,,,,,,,,,,,,,,,,,,,,,,,,,,,,,,,,,,,,,
"1938",,,,,,,,,,,,,,,,,,,,,,,,,,,,,,,,,,,,,,,,,,,,,,,,,,,,
"1939",,,,,,,,,,,,,,,,,,,,,,,,,,,,,,,,,,,,,,,,,,,,,,,,,,,,
"1940",,,,,,,,,,,,,,,,,,,,,,,,,,,,,,,,,,,,,,,,,,,,,,,,,,,,
"1941",,,,,,,,,,,,,,,,,,,,,,,,,,,,,,,,,,,,,,,,,,,,,,,,,,,,
"1942",,,,,,,,,,,,,,,,,,,,,,,,,,,,,,,,,,,,,,,,,,,,,,,,,,,,
"1943",,,,,,,,,,,,,,,,,,,,,,,,,,,,,,,,,,,,,,,,,,,,,,,,,,,,
"1944",,,,,,,,,,,,,,,,,,,,,,,,,,,,,,,,,,,,,,,,,,,,,,,,,,,,
"1945",,,,,,,,,,,,,,,,,,,,,,,,,,,,,,,,,,,,,,,,,,,,,,,,,,,,
"1946",,,,,,,,,,,,,,,,,,,,,,,,,,,,,,,,,,,,,,,,,,,,,,,,,,,,
"1947",,,,,"4.300154600338737","2.493537760637035","1.6438422904712446","0.63785776432672348","0.42820689425472758",,,,,"0.84969547016579039","1.0059845261445211","1.8556799963103114","2053.1010000000001","2053.1010000000001","1956.5068000176084","0.1530439091730682","6226.6577731979069","6226.6577731979069",,,,,"155264.06280033095","397172.20064396306",,,,,,"128385.38081770517",,,,,"94938.303155799105","217950.24987105155",,," 952.9520",,,,," 9.848568","15.24707","19.33002","35.00277","48.53194"
"1948",,,,,"4.9163557504639241","2.8139262222795676","1.8319956905558905","0.71900748378071822","0.47931062420195225",,,,,"0.98193053172367706","1.1129882067751722","2.0949187384988495","2066.7065190261451","2066.7065190261451","1935.840997782585","0.15945953999096249","5874.086898064018","5874.086898064018",,,,,"165292.47154411185","422351.24400862941",,,,,,"136730.38571472102",,,,,"102240.96725499332","253526.90539149512",,," 936.6792",,,,,"12.560269","17.40542","20.35279","43.16022","55.49182"
"1949",,,,"8.5521137695497504","5.9348480593554669","3.4197225471182491","2.2587803122474353","0.88667015519481951","0.58983368414006987",,,,"5.1323912224315009","1.1609422348708138","1.3721101570526157","2.5330523919234293","2086.3349556349153","2086.3349556349153","1721.3695057122095","0.1530439091730682","5391.0581995726525","5391.0581995726525",,,,,"184359.2327790531","478009.04104793875",,,,,"69172.54945776012","151731.47630473253",,,,"45998.004631247924","109309.62552082949","276185.14634477033",,," 825.0686",,,,"8.532278","14.806837","20.27610","25.80875","51.23023","68.96047"
"1950",,,,"9.2664515972135","6.5155995944849225","4.2862100447178335","3.1364527760988627","1.5858250254021808",,,,,"4.9802415524956665","1.1497572686189708","1.5506277506966819","2.7003850193156529","2125.6303677070687","2125.6303677070687","2657.8678125000001","0.16682737912336193","7495.1150689756578","7495.1150689756578",,,,,"321256.37494959461","1188594.1044650592",,,,,"93318.708768122495","224885.51611454305",,,,"56100.689069102104","145219.36460469","488564.72339010856",,,"1250.3904",,,,"7.484967","11.915391","19.37520","27.99527","65.18442",
"1951",,,"8.7628413056641001","6.5352703107932069","4.7618341370625998","3.1034184341108255","2.2355320441758209","1.0402704938289768",,,,"2.2275709948708933","3.4318518766823813","0.86788638993500467","1.195261550346844","2.0631479402818487","2149.7796178960825","2149.7796178960825","4149.1486656249999","0.20289847446904655","9512.3160911826581","9512.3160911826581",,,"83354.916356348665","124331.11387517302","295206.97108465293","989538.17576319061",,,,"42378.71883752432","81612.149572803042","218059.05945370431",,,"33940.142555256483","57046.803484260869","136664.59310042529","482782.38524297543","1.7335583929938063","2.363217992665573","1930.0344",,,"3.568021","5.997152"," 8.788590","14.36712","21.06374","50.75340",
"1952",,,,"6.5274444577923125","4.6011457145827901","2.8263891904480705","1.950251627425224","0.83154032315122373","0.58234870596810406",,,,"3.7010552673442421","0.87613756302284651","1.1187113042740002","1.9948488672968467","2196.6948511725709","2196.6948511725709","3562.9096999999997","0.20815878445549027","7791.8456382273462","7791.8456382273462",,,,,"220227.88285525719","647923.38399560202",,,,,"72095.12835423644","172706.16050632996",,,,"51509.089420074524","113536.15457885548","346326.55132921453",,,"1621.9411",,,,"6.610640","10.028065","14.57115","20.75520","44.44731","61.69901"
"1953",,,,"6.9186549426479136","4.7449649526231168","2.754421723108277","1.8312191166886747","0.75893996670470898","0.51734516395714802",,,,"4.1642332195396365","0.92320260641960239","1.0722791499839657","1.9954817564035681","2254.6391347598574","2254.6391347598574","3132.7170843749996","0.19989258246723904","6951.0026769053939","6951.0026769053939",,,,,"191459.92770652004","527539.37401749229",,,,,"72363.990640695949","154117.76700530088",,,,"49800.192691800657","110561.38669907868","269004.14269000763",,,"1389.4539",,,,"7.164462","10.585373","15.90582","20.72774","38.70005","52.49201"
"1954",,,,"6.5775112872159749","4.4634804516209323","2.5784882348610805","1.6976785389467237","0.68908209399257236","0.47154723391560582",,,,"3.9990230523548944","0.88080969591435676","1.0085964449541513","1.8894061408685081","2304.4813545376655","2304.4813545376655","3330.501051041666","0.1923778535924085","7512.4449319377736","7512.4449319377736",,,,,"193707.50872043299","517669.12847035687",,,,,"75106.101155914628","157711.77319266368",,,,"57083.379015836494","113168.852557091","277609.03847843956",,,"1445.2280",,,,"7.598509","11.073669","15.06418","19.70954","36.95322","49.30042"
"1955",,,"10.136257424276126","7.1873785634812553","4.96465615067671","2.9551239635195188","2.0145569706713449","0.86135819797860647","0.59978798278345247",,,"2.9488788607948706","4.2322545999617365","0.94056699284817391","1.1531987726927384","2.0937657655409123","2347.5862594989917","2347.5862594989917","3527.3666666666659","0.18512166606416625","8116.5561500356407","8116.5561500356407",,,"82271.502535352818","116673.52336411622","239854.29580222047","699126.21791868738",,,,"47869.481706589402","85878.330254590168","188824.08223372416",,,"38673.981612001204","61555.080604881136","128765.90298755995","351170.1273051849","1.9840777306493149","2.0161798899159917","1502.5504",,,"4.764826","7.583891","11.336137","15.86460","21.17379","43.26590","58.85794"
"1956",,,"10.48224093585273","7.3400194355107073","5.0127733838218358","2.9345171481607548","1.9548786451068836","0.751318401776643","0.49053410932265973",,,"3.1422215003420222","4.4055022873499521","0.97963850305387123","1.2035602433302406","2.1831987463841118","2399.0860490751743","2399.0860490751743","3583.079999999999","0.18791890375056483","7947.6770105437818","7947.6770105437818",,,"83309.465304857673","116672.20744910599","233225.94475483731","597123.59893987211",,,,"49946.723160609363","87533.773122673156","192792.87206761123",,,"40669.165305383867","62129.382267942325","132500.64869707651","356343.11600991158","2.0580001521689804","1.9451794481786457","1493.5188",,,"5.117113","7.817301","11.587511","16.67162","23.21292","44.83613","59.53301"
"1957",,,"10.274229785491155","7.1295749405521187","4.8305430794114432","2.8065010217624939","1.8531126389708406","0.68783399165726644","0.42421829572646808",,,"3.1446548449390361","4.3230739187896248","0.95338838279165339","1.1652786473135741","2.1186670301052275","2384.9930000000004","2384.9930000000004","3653.2733333333322","0.19473838138273836","7865.810912865466","7865.810912865466",,,"80815.148768003739","112159.77674297401","220754.06363947503","541037.21178175393",,,,"49470.520793033458","85011.205018848748","185167.04717922184",,,"40654.192984307709","61384.772176175138","129634.07860707946","332298.05256207596","2.1148010142891884","1.8970210711887565","1531.7753",,,"5.168468","7.803998","11.365709","16.48070","22.41033","42.24587","55.50922"
"1958",,,"10.672311775667454","7.339348833870214","4.9273804024759738","2.8039651612836169","1.8117217312725258","0.66298591988249622","0.43374238227352913",,,"3.3329629417972404","4.5353836725865975","0.99224343001109117","1.1487358113900297","2.1409792414011206","2477.5598606275457","2477.5598606275457","3505.0599999999981","0.19322276592860368","7321.71813393712","7321.71813393712",,,"78139.658658935063","107473.28689647561","205298.42568298179","485419.60321486549",,,,"48806.030421394527","83017.002199849056","174173.85040166136",,,"40037.696812348135","59702.683845317653","124560.91969783696","299292.79714798665","2.1746162209212923","1.8513418954964416","1414.7226",,,"5.468347","8.154190","12.132299","17.01253","23.56641","40.87740","51.81992"
"1959",,,"10.639213755100588","7.4123551802772472","5.0466909611666599","2.9199558049077829","1.8987474453628497","0.67137210674258152","0.46316325996869434",,,"3.2268585748233409","4.4923993753694642","1.0212083595449333","1.2273753386202682","2.2485836981652012","2559.072997853496","2559.072997853496","3907.2599999999975","0.18934345503840938","8063.7924167689434","8063.7924167689434",,,"85792.411198763963","119543.38698623533","235459.17476915839","541380.53031810187",,,,"52041.435411292594","90564.44004050456","201467.91304149793",,,"43132.052902847834","63812.701641411069","139937.49355327652","347280.48286608944","2.0893734527079126","1.9179588482849914","1526.8263",,,"5.348855","7.913485","11.706152","17.35381","25.29689","43.06664","54.15757"
"1960",,,"10.814625794395491","7.5627657522179792","5.1247801510005404","2.9651771417562949","1.9249435776268784","0.70786861261785594","0.50534313216609539",,,"3.2518600421775119","4.5975886104616848","1.0402335641294165","1.2170749650090225","2.2573085291384389","2520.0520263831022","2520.0520263831022","4118.3999999999969","0.1892417013104383","8635.7920225799717","8635.7920225799717",,,"93392.859162428169","130620.94430329009","256066.53106315495","611300.61178800324",,,,"56164.774021566256","99259.547613323884","216596.07764928287",,,"45969.556601429678","68623.548257402814","151280.68107288759","377166.64036153263","2.0661067694195903","1.9379923556290894","1634.2520",,,"5.323143","7.946410","11.503349","17.51787","26.07337","43.67482","54.54027"
"1961",,,"11.871594544766179","8.3581508906612143","5.7077446338005755","3.3425472765471076","2.2071766288015486","0.8288705199251154",,,,"3.5134436541049645","5.0156036141141067","1.135370647745559","1.3783061088764332","2.513676756621992","2615.9728111687732","2615.9728111687732","4121.4783333333298","0.1887317451423407","8347.8538971506041","8347.8538971506041",,,"99102.336785918204","139545.24497115801","279030.96308933909","691928.9999990121",,,,"58659.428600678366","104673.81544161274","233153.40343270876",,,"48230.924893085838","72306.703153630908","161809.84243760153","419727.57112518995","2.0253493364343003","1.9752773659341765","1575.5050",,,"5.777644","8.661712","13.371160","19.38341","25.82529","50.27970",
"1962",,,"11.065440413031757","7.7330892310077912","5.2813583714107439","3.0826828794198597","2.0366588013541636","0.75389701545254906","0.48084174169653299",,,"3.3323511820239657","4.6504063515879315","1.0460240780656962","1.2827617859016145","2.3287858639673109","2716.6149459119993","2716.6149459119993","4369.0499999999965","0.18801867736104835","8553.7772370525745","8553.7772370525745",,,"94651.312322952683","132294.2452725817","263685.82643033285","644866.71298598859",,,,"57008.379373323667","99446.349983143897","221332.39459081553",,,"46889.309254347128","68526.804557659212","151522.18970083652","383046.68710118311","2.0701538169927414","1.9344451088443697","1608.2699",,,"5.481708","8.011292","11.723216","17.71407","23.91871","44.78100","58.66663"
"1963",,,"11.641260559975104","8.1504981016153746","5.55999523574246","3.2329035719691221","2.1030352229280829","0.75395394539146832","0.47483169346859772",,,"3.490762458359729","4.9175945296462524","1.1298683490410393","1.3490812775366146","2.4789496265776538","2816.676664624837","2816.676664624837","4632.3729839059479","0.1952542765476728","8422.9838808778823","8422.9838808778823",,,"98054.150049769727","137303.02826206415","272306.94675128441","635054.19289566204",,,,"58805.271837475302","103552.04863975909","232001.69717968695",,,"48866.252446419923","72022.619790797078","170480.33442852568","406735.86063707742","2.0588296260878329","1.9444390063912389","1644.6236",,,"5.801537","8.550725","13.195969","20.23990","26.29594","48.28881","62.73746"
"1964",,,"12.016327994681101","8.4220048551304139","5.7584413407051223","3.3756380528375693","2.222916597736678","0.82444656126826954",,,,"3.5943231395506867","5.0463668022928445","1.1527214551008913","1.3984700364684084","2.5511914915692997","2911.3699961030238","2911.3699961030238","4923.0206587679604","0.19555953773158608","8646.7968223084245","8646.7968223084245",,,"103902.74672022431","145646.72963761556","291884.56388539291","712882.19061375805",,,,"62158.763802833026","109087.27107567123","245107.04980446346",,,"52573.496532411729","79278.918042327583","175320.45827506832","451480.50694564666","2.0523786977940017","1.9502282800822575","1690.9636",,,"6.080112","9.168588","13.427700","20.27577","26.95519","52.21361",
"1965",,,"12.990511839703647","9.3034861441833065","6.5466402172652458","4.0745483062643419","2.8792208906247003","1.3953338424821824",,,,"3.6870256955203402","5.2289378379189646","1.1953274156396416","1.4838870481425179","2.6792144637821593","3013.6829395671298","3013.6829395671298","5336.1474033149125","0.19464217080885673","9096.8978644888448","9096.8978644888448",,,"118173.35941321717","169265.72647464534","370657.4978601273","1269320.9451925179",,,,"67080.992351788955","118917.78362827486","270806.00371208391",,,"55567.549214966268","85334.039831876507","190819.37434168614","499696.52744404139","1.9290679972112281","2.0763474826403314","1770.6399",,,"6.108406","9.380565","13.805868","20.97631","28.02754","54.93043",
"1966",,,"10.855704022091921","7.5415918110091287","5.1297924170925944","2.9744094592863153","1.9392693896738431","0.71095190551223908","0.45997465644965191",,,"3.3141122110827919","4.5671823517228134","1.0351400696124722","1.228317484161604","2.2634575537740762","3125.6572118708882","3125.6572118708882","5602.739303751423","0.19617085178490737","9137.4410838604945","9137.4410838604945",,,"99193.355925692333","137821.70170324136","271784.91193506058","649628.1150076437",,,,"60565.010148143287","104330.89914528656","229802.33381588469",,,"50678.583522565335","74059.620149907743","173231.82268610908","391979.96386881528","2.1075362796765162","1.9029049597292425","1792.4996",,,"5.546256","8.105072","12.487862","18.95846","24.24148","42.89822","54.85237"
"1967",,,"10.719979139633359","7.4112831541676378","5.017618076971937","2.8962109859533203","1.8855529505748678","0.69507278061684752","0.44627984913610214",,,"3.3086959854657216","4.5150721682143171","1.0106580353784524","1.1904801699580203","2.2011382053364725","3231.6164992168992","3231.6164992168992","5868.6361365498815","0.20473122910076821","8870.1971577123222","8870.1971577123222",,,"95088.328495111215","131479.08553819798","256899.62455738345","616543.26030307601",,,,"58697.571452024429","100123.95078340161","216939.22058563976",,,"49914.252021715387","71574.429308226201","158418.82587161777","380737.46187292738","2.1390687656476692","1.8779101228637454",,,,"5.627186","8.069091","12.343009","17.85967","23.25474","42.92322","55.88950"
"1968",,,"11.697038985969442","8.170453079348114","5.5831567811721792","3.2846259908153446","2.165777416400843","0.81884846251634802",,,,"3.5265859066213281","4.8858270885327695","1.1188485744145016","1.3469289538844951","2.4657775282989967","3329.4960211828943","3329.4960211828943","6055.9018499264275","0.20452732535020332","8893.0142562876936","8893.0142562876936",,,"104021.9344585792","145319.91142994494","292102.25762893952","728203.10508971428",,,,"62723.957487213462","108624.32488019629","243646.60791107567",,,"52646.87769132742","78610.809870900834","180721.9395970256","428393.39090082585","2.0732065013900169","1.9317871245699687",,,,"5.920026","8.839614","12.894959","20.32179","26.35103","48.17190",
"1969",,,"11.278093281219364","7.8873240494452199","5.3962850349817311","3.1650560307803532","2.0727521068899781","0.76238348407116774",,,,"3.3907692317741445","4.7222680186648667","1.0923039238903751","1.3103686228188103","2.4026725467091854","3428.6161010728551","3428.6161010728551","6872.2900693825322","0.20422166832354269","9814.7852633611474","9814.7852633611474",,,"110692.06373532419","154824.78369569784","310643.45288615336","748263.0184491626",,,,"66559.343774950539","115870.11639808393","262019.05671248568",,,"55922.651947264647","82847.352311120587","193100.81076136805","458065.49617361871","2.0657544462267392","1.9383024425002024",,,,"5.697797","8.441076","12.377539","19.67448","25.51718","46.67096",
"1970",,,"10.988479056154878","7.694956907292581","5.2667025599251964","3.0881608812002508","2.0229417032652228","0.75352208626238859",,,,"3.293522148862297","4.6067960260923302","1.065219177935028","1.2694196170028342","2.3346387949378622","3622.9753698768604","3622.9753698768604","7484.2074957026416","0.20717727745142339","9970.9908189023336","9970.9908189023336",,,"109566.02378262086","153452.68934892683","307920.23793741042","751336.18039624079",,,,"65679.358216314897","114835.80220180594","258651.79988642925",,,"55098.471791290984","82418.295206672497","190190.97230683267","458655.56699339848","2.0576409448863053","1.9455004600899772",,,,"5.525877","8.265808","12.104133","19.07443","24.86190","45.99900",
"1971",,,"11.511784575702478","7.9799427440913853","5.4142941090042829","3.1521476813306655","2.0555788913332735","0.75878420426572524",,,,"3.5318418316110929","4.8277950627607193","1.0965687899973919","1.2967946870675484","2.3933634770649403","3758.097329279452","3758.097329279452","7693.9647147819269","0.21217033529145954","9649.3376620035542","9649.3376620035542",,,"111081.09646319751","154002.32412238599","304161.37337661168","732176.49995546602",,,,"68159.868804009064","116462.56180882956","256604.13709007233",,,"57372.817558276205","84513.655593092029","189902.68496437604","443697.37736468471","2.1216161259369093","1.8915706335486921",,,,"5.945778","8.758493","12.568590","19.68039","25.40855","45.98216",
"1972",,,"11.506425500911048","7.9599753124014798","5.4088852499421147","3.1683063671292908","2.0800845830908985","0.7862313028384349",,,,"3.5464501885095681","4.791668945272189","1.0882217840383923","1.2938532802524636","2.3820750642908557","3890.4923147539557","3890.4923147539557","8428.9733080168644","0.21787725350203341","9943.933808300646","9943.933808300646",,,"114419.13355120205","158306.93524445515","315054.28799151152","781823.20334393764",,,,"70531.331857948986","119120.09705769103","263191.07517457526",,,"59301.272187028386","85984.921750940266","190857.6502416296","468463.33096505434","2.1349450286152409","1.8810999429814774",,,,"5.963563","8.646972","12.474713","19.19337","25.15028","47.11046",
"1973",,,"10.685698044098764","7.4426539734857764","5.0799629781982727","2.9918772670457474","1.9815838391814595",,,,,"3.2430440706129877","4.4507767064400294","1.0102934278642879",,,"4024.9675676052561","4024.9675676052561","10816.978165180066","0.24253886805241751","11080.573055589961","11080.573055589961",,,"118403.65782761111","164937.74216137209","331517.1463085924",,,,,"71869.573493850112","123292.89112456705",,,,"59976.023775047513","91082.959282530734","195760.58306080065",,"2.0911406370273347","1.9164721448963398",,,,"5.412719","8.220059","12.161921","17.66701","23.43327",,
"1974",,"20.203157844274607","9.2908646671677317","6.5244825039954488","4.4771452482149501","2.6511849333887509","1.7456564417956995",,,,"10.912293177106875","2.7663821631722829","3.8732975706066979","0.90552849159305149",,,"4161.5276690538494","4161.5276690538494","12948.458324875297","0.27871607184816988","11163.574225124126","11163.574225124126",,"45107.890435291665","103719.25732751013","145673.08942775382","295966.99788416084",,,,"30455.048712237043","61765.425227266453","108099.61231365208",,,"20650.203993553954","51339.274445216717","78578.115305664673","175401.77754211507",,"2.0406055689473579","1.9609789048232433",,,"1.8497842695469109","4.598821","7.038795","10.866288","15.71197","20.76726",,
"1975",,"22.900313104249108","10.403738472999569","7.2336983861122715","4.9079986245825262","2.858368331003577","1.8689462784832143",,,,"12.496574631249539","3.1700400868872975","4.3753300551086944","0.98942205252036275",,,"4303.7993773684993","4303.7993773684993","12693.9200586602","0.29593818346136463","9966.5015102477446","9966.5015102477446",,"45647.201027728988","103688.87520337275","144189.33177972925","284879.32287791476",,,,"31136.782483818046","63188.418627016275","109016.83400518289",,,"22223.874136831266","53460.565833222965","79772.094029377215","172897.90847921031",,"2.1021505962524594","1.907317024914932",,,"2.2298570981984258","5.364025","8.004022","11.988606","17.34790","22.94268",,
"1976",,,,,,,,,,,,,,,,,"4447.5686195942299","4447.5686195942299","15829.361599999973","0.30347904338002712","11727.678081259561","11727.678081259561",,,,,,,,,,,,,,,,,,,,,,,,,,,,,,
"1977",,,,,,,,,,,,,,,,,"4597.6781110931324","4597.6781110931324","18177.099599999969","0.31784809263443281","12438.454296742993","12438.454296742993",,,,,,,,,,,,,,,,,,,,,,,,,,,,,,
"1978",,,,,,,,,,,,,,,,,"4745.6663560858015","4745.6663560858015","21124.18059999996","0.33017850384093989","13481.365234010949","13481.365234010949",,,,,,,,,,,,,,,,,,,,,,,,,,,,,,
"1979",,,,,,,,,,,,,,,,,"4900.6191903213021","4900.6191903213021","25831.030366666615","0.34515926208766379","15271.132375310921","15271.132375310921",,,,,,,,,,,,,,,,,,,,,,,,,,,,,,
"1980",,,,,,,,,,,,,,,,,"5060.735663736581","5060.735663736581","29857.589999999938","0.36849570311793944","16010.639114844089","16010.639114844089",,,,,,,,,,,,,,,,,,,,,,,,,,,,,,
"1981",,,,,,,,,,,,,,,,,"5216.5607239415394","5216.5607239415394","32227.845899999927","0.39882820560325344","15490.347003506518","15490.347003506518",,,,,,,,,,,,,,,,,,,,,,,,,,,,,,
"1982",,,,,,,,,,,,,,,,,"5367.1098689710489","5367.1098689710489","34526.312333333262","0.42535543651152274","15123.68841599738","15123.68841599738",,,,,,,,,,,,,,,,,,,,,,,,,,,,,,
"1983",,"17.961106541767691","7.8702124869843377","5.4171725525013237","3.7048165892417848","2.2363386215435956","1.5019923555510357",,,,"10.090894054783353","2.4530399344830141","3.180833930957728","0.73434626599255992",,,"5522.0145954786658","5522.0145954786658","38091.136049999921","0.44255260460912788","15586.961912032615","15586.961912032615",,"55991.816712898559","122672.70227422836","168874.52449349326","348577.24916407547",,,,"39321.595322566121","76470.880054963447","123948.84332584772",,,"27891.418180234305","65198.295934953036","89985.619377521347","192732.81100949354",,"2.1685507920334626","1.855760833690286",,,"1.789406963181392","4.182874","5.773134"," 7.812623","12.36500","17.49977",,
"1984","26.925575073705396","19.268332656360663","8.3508099593461296","5.6951527484760067","3.8621345718834768","2.3095984533003353","1.5676422368674805",,,"7.6572424173447331","10.917522697014533","2.6556572108701229","3.3855542951756714","0.74195621643285481",,,"5666.30820900046","5666.30820900046","42689.268266666571","0.45590807591504739","16524.991007127981","16524.991007127981","44494.488595473093","63681.804773742064","137997.05948042957","188224.69590557244","381660.93670864735",,"13417.26905286741","25307.172417204129","45102.991097070197","87769.423055286708","139865.63570480372",,"20131.656425914192","31597.328548506241","76579.208744124364","104443.1003865547","214777.10658801757",,"2.2330480249820721","1.8109984199638449",,"1.2182552121953043","1.9120935397106646","4.634145","6.320312"," 8.693986","12.99711","17.61763",,
"1985","29.539580002808201","21.048340697633517","9.079259202183346","6.1815494857974826","4.1859148856409059","2.4804282914226166","1.670575068118709",,,"8.4912393051746839","11.969081495450171","2.8977097163858634","3.7011211943748661","0.80985322330390752",,,"5808.4224029126926","5808.4224029126926","41312.184833333231","0.45792058201536373","15532.086759399883","15532.086759399883","45881.131943985078","65384.93077141024","141019.8416393915","192024.72584186046","385262.27422846097",,"12159.970627779303","26377.333116559912","46476.203054414938","90014.957436922516","143715.33874521035",,"20896.023856008323","32571.071612210621","78170.48613940127","106898.9764206593","221033.85601818614",,"2.2452035053371486","1.8030815812145038",,"1.3453455533502112","2.0970183927474455","5.032839","6.882461"," 9.507900","14.23079","19.30726",,
"1986","32.010813296552847","22.646316709240999","9.6575687067876839","6.5556613417719021","4.4240732978541537","2.6168998488545188","1.7481810484389686",,,"9.364496587311848","12.988748002453315","3.1019073650157818","3.9387614929173833","0.86871880041555016",,,"5958.9864405566068","5958.9864405566068","38264.3777999999","0.46468938093086304","13818.455698484166","13818.455698484166","44234.00054108633","62587.424836097685","133452.68532981264","181178.23165108057","361615.14628766075",,"10438.950715972813","25880.576246074983","44871.109712668949","85727.139008544662","136069.00299193556",,"20591.103872973526","31801.349269989405","74121.759075426904","101395.58879279814","210016.5249005075",,"2.2671557782212295","1.7891689539574609",,"1.4901161404911762","2.3013678202462158","5.363968","7.337693","10.152652","15.19826","20.62237",,
"1987",,,,,,,,,,,,,,,,,"6105.5365485193288","6105.5365485193288","43479.48359999989","0.46743356348847714","15234.936517726828","15234.936517726828",,,,,,,,,,,,,,,,,,,,,,,,,,,,,,
"1988","26.340344418304262","18.600284920119616","7.9027486902726656","5.3712609020130158","3.616432565740316","2.1184367335534442","1.4028782886696889",,,"7.740059498184646","10.69753622984695","2.5314877882596498","3.2528241684595716","0.71555844488375531",,,"6252.7851743342499","6252.7851743342499","49747.20093333321","0.47731317532760958","16668.315776853735","16668.315776853735","43904.917843538213","62007.084517600888","131725.51067458207","179059.74566924234","353107.72428155364",,"13642.026658333238","25802.751169475545","44577.477978355586","84391.275679921775","135547.75101616452",,"20590.803330768114","31429.208751810798","73462.081700311042","100525.28123988063","208316.20316024739",,"2.2578140544783052","1.7950300733559246",,"1.235325968527744","1.8855659547471861","4.407289","6.030920"," 8.482587","12.49774","16.75512",,
"1989",,,,,,,,,,,,,,,,,"7782.134764380171","7782.134764380171","68041.049999999814","0.49048533122458199","17825.685340410928","17825.685340410928",,,,,,,,,,,,,,,,,,,,,,,,,,,,,,
"1990",,,,,,,,,,,,,,,,,"7987.0559999999996","7987.0559999999996","77911.61666666645","0.50376834749209221","19363.533444531811","19363.533444531811",,,,,,,,,,,,,,,,,,,,,,,,,,,,,,
"1991",,,,,,,,,,,,,,,,,"8208.4540188065585","8208.4540188065585","87474.193333333082","0.52384827338454576","20342.90915402168","20342.90915402168",,,,,,,,,,,,,,,,,,,,,,,,,,,,,,
"1992",,,,,,,,,,,,,,,,,"8852.9663916100289","8852.9663916100289","97019.679999999717","0.54819591595119743","19991.032564659301","19991.032564659301",,,,,,,,,,,,,,,,,,,,,,,,,,,,,,
"1993","27.605127430546204","19.956508839707428","9.1885293245690871","6.6263257025435944","4.7576023935766916","3.1335641076701104",,,,"7.648618590838776","10.767979515138341","2.5622036220254927","3.492761594873484",,,,"8737.1473072358294","8737.1473072358294","110770.47666666632","0.56978235110709441","22250.786863321813","22250.786863321813","61423.580679192208","88809.604945665531","204452.0075883691","294881.92178849736","697242.67082322831",,"17898.25421711399","34037.556412718885","59899.004284989642","114022.0933882408","194291.73452981468",,"28853.882724212668","42418.196208229492","97869.090099113004","139138.65907030931","314951.49984933791",,"1.8925946871815851","2.120329321203505",,"1.296757858562539","1.9063683666015256","4.398455","6.253202"," 8.890060","14.15462",,,
"1994","27.024948315203925","19.460848290152931","8.9742937656763466","6.4358177923897388","4.6156064826664869","2.9782569130089902",,,,"7.564100025050994","10.486554524476585","2.5384759732866078","3.4575608793807486",,,,"9016.2058614305861","9016.2058614305861","126136.75666666628","0.59651744464527789","23452.799565507492","23452.799565507492","63381.069610467697","91282.274864741164","210472.31292839078","301875.88945008692","698484.62435386935",,"19016.325116067466","35479.86435619423","61484.765348828769","119068.7364066947","202723.7057241413",,"29677.686122876767","43352.032783792303","101066.27259505092","144870.93942482804","334371.96711588406",,"1.9218754861287528","2.0847451906974084",,"1.2654218972870233","1.8484800785809392","4.309348","6.177128"," 8.806649","14.25723",,,
"1995","26.950140093695097","19.416633624938424","8.883567638321141","6.3234733282883724","4.4894308233046472","2.8441193367688573",,,,"7.5335064687566735","10.533065986617283","2.5600943100327687","3.4793539915195151",,,,"9304.1137102257271","9304.1137102257271","143164.12499999956","0.6207993628558518","24786.084803081783","24786.084803081783","66798.845781726108","96252.465523618594","220188.86083734076","313468.29232996283","704945.83071237616",,"20118.00024989908","37345.226039833615","65268.366695188066","126909.42934471871","215598.9077343595",,"31380.946494777159","47238.326869384851","107612.00710971109","154421.25494948009","350019.37392560113",,"1.9624079788437512","2.0390603797792828",,"1.2660711340290178","1.90584060551231","4.341630","6.230159"," 8.931969","14.12161",,,
"1996",,,,,,,,,,,,,,,,,"9600.1536919181654","9600.1536919181654","162900.20666666614","0.64180180298237677","26438.847305288124","26438.847305288124",,,,,,,,,,,,,,,,,,,,,,,,,,,,,,
"1997",,,,,,,,,,,,,,,,,"9906.4204347123905","9906.4204347123905","179132.82833333273","0.66130406913691808","27343.696958872235","27343.696958872235",,,,,,,,,,,,,,,,,,,,,,,,,,,,,,
"1998",,,,,,,,,,,,,,,,,"10218.684226324884","10218.684226324884","179508.40999999939","0.69010868233167644","25454.954779326203","25454.954779326203",,,,,,,,,,,,,,,,,,,,,,,,,,,,,,
"1999",,,,,,,,,,,,,,,,,"10544.655620961168","10544.655620961168","187051.79666666602","0.71621266561229102","24767.803104349932","24767.803104349932",,,,,,,,,,,,,,,,,,,,,,,,,,,,,,
"2000","22.525386129439806","16.707216862513565","8.1847731333221176","5.9912223204194435","4.3610442193330927",,,,,"5.8181692669262404","8.5224437291914477","2.1935508129026742",,,,,"10867.477000000001","10867.477000000001","218327.99999999921","0.7262581717126072","27662.388389940967","27662.388389940967","62310.597974595301","92432.304353164232","226410.37329751046","331463.03751585196",,,"23812.587324979373","32188.891596026355","58937.787117077678","121357.70907916901",,,"27169.277383140445","40894.129133281356","100822.09740264938","150354.77420836268",,,"1.8184861959245193","2.2217677035718997",,"0.98217395404007002","1.478329656746195","3.644736","5.435350"," 8.088965",,,,
"2001","23.41804858941293","17.076512738265006","7.9574187557970832","5.6685603372999598","4.0110099873437299",,,,,"6.3415358511479241","9.1190939824679234","2.2888584184971235",,,,,"11406.494825735865","11406.494825735865","217425.7399999992","0.73603325802078623","25897.706844464206","25897.706844464206","60647.37572380346","88448.504164269179","206078.89817627397","293605.42769110302",,,"22036.632524537617","32846.247283337747","59040.905661267971","118552.36866144494",,,"27964.58124659766","40877.605958121043","99712.589733824643","145213.9534911043",,,"1.9581663086126635","2.0436601569177566",,"1.0798091666782172","1.5784256962835643","3.850248","5.607213"," 8.109835",,,,
"2002","24.690194174263031","18.102084917896235","8.9324515315634532","6.6670229773236827","5.0143053611226636",,,,,"6.5881092563667956","9.1696333863327819","2.2654285542397705",,,,,"11834.162042654272","11834.162042654272","237574.1599999991","0.74617061952101216","26904.414546140502","26904.414546140502","66427.521928907576","97405.199356103622","240322.37891849075","358744.69994112052",,,"22512.958170277496","35449.844501711537","61675.904465506821","121900.05789586104",,,"30502.531884062188","42679.45564928191","102556.15123825328","148339.6893131423",,,"1.7301441603918948","2.3695925465777385",,"1.1337370613194719","1.5863365313557576","3.811871","5.513582"," 8.159330",,,,
"2003","27.170877935713158","19.82706013153469","9.4818110974610192","6.888899187683033","4.9914458051228188",,,,,"7.3438178041784674","10.345249034073671","2.5929119097779862",,,,,"12265.531958862639","12265.531958862639","262173.50666666566","0.75666985991866231","28248.538222450505","28248.538222450505","76753.758390453004","112017.09319289646","267847.30320468295","389202.66402774479",,,"22859.06931489467","41490.423588009588","73059.540689949819","146491.94238162116",,,"34739.873510979342","50347.861743966518","123598.91394684602","178930.78171040007",,,"1.8549062136933736","2.1697189516026452",,"1.2297936706462869","1.7823174193117219","4.375409","6.334161"," 9.367599",,,,
"2004",,,,,,,,,,,,,,,,,"12697.795611773819","12697.795611773819","296766.35999999882","0.76825513330320827","30421.517003459678","30421.517003459678",,,,,,,,,,,,,,,,,,,,,,,,,,,,,,
"2005","24.734457391949096","18.496237160764192","9.4549463530668181","7.1446915964297206",,,,,,"6.2382202311849042","9.0412908076973739","2.3102547566370975",,,,,"13131.658246191582","13131.658246191582","328181.14166666538","0.79106380027112511","31592.394114939685","31592.394114939685","78142.072614563891","116868.08280525106","298704.39152169856","451435.82548821066",,,"26420.207614981442","39416.062423876734","71409.005626139202","145972.9575551865",,,"32679.688517337177","48384.113717146531","122610.4940008358","180360.69165455663",,,"1.6784086295866876","2.4740378532761857",,"1.0344163344646085","1.5315114625727662","3.881013","5.708991",,,,,
"2006",,,,,,,,,,,,,,,,,"13419.568984043375","13419.568984043375","365859.20666666515","0.81719708224130139","33361.733882623819","33361.733882623819",,,,,,,,,,,,,,,,,,,,,,,,,,,,,,
"2007",,,,,,,,,,,,,,,,,"13707.355781467853","13707.355781467853","411382.57499999827","0.84016095390872125","35721.502112777591","35721.502112777591",,,,,,,,,,,,,,,,,,,,,,,,,,,,,,
"2008",,,,,,,,,,,,,,,,,"13997.138879111797","13997.138879111797","470032.82666666468","0.86827189968368734","38675.253775197547","38675.253775197547",,,,,,,,,,,,,,,,,,,,,,,,,,,,,,
"2009","24.908616001654643","18.681602976450311","9.4130043462750148","6.9550689393356304",,,,,,"6.2270130252043323","9.2685986301752958","2.4579354069393844",,,,,"14286.089787367671","14286.089787367671","433552.52999999817","0.88965205603253494","34112.076959408012","34112.076959408012","84968.462600078507","127453.65569155573","321097.1286793754","474503.69383321056",,,"28461.367443777948","42483.269508601261","79042.78744460085","167690.56352554026",,,"33900.958533635188","53696.092673276871","138497.18221698815","210421.36048260538",,,"1.7749077790281738","2.2904761405984577",,"0.99381103572133567","1.5741079834327603","4.060063","6.168530",,,,,
"2010","24.634018966140143","18.526018831724411","9.4252681514916397","7.0063022442886869",,,,,,"6.1080001344157324","9.1007506802327711","2.4189659072029528",,,,,"14538.754000000001","14538.754000000001","480643.14999999793","0.90548920876638039","36510.038429386201","36510.038429386201","89938.897912400513","135277.13189795811","344116.90241822961","511600.72837374947",,,"30573.498486829052","44600.663926842899","83067.189267890266","176633.07646270972",,,"35769.974199983742","56373.028088986335","146338.92784374772","220564.34831512853",,,"1.7478863979947279","2.3371014671228845",,"0.97972984249704875","1.5440418721557085","4.008183","6.041197",,,,,
"2011","21.276763171581198","16.813936657629149","8.9485153030866993",,,,,,,"4.4628265139520487","7.8654213545424501",,,,,,"15046.722032016523","15046.722032016523","538333.31982125645","0.93086308178942612","38434.705399347564","38434.705399347564","81776.612435141113","129247.74040785342","343933.54943569069",,,,"33618.937950926054","34305.484462428853","75576.288150894077",,,,"36963.96712375377","58677.182874676037","154124.5998232445",,,,,,,"0.96173410826719219","1.5266718520411007","4.010037",,,,,,
"2012","22.319018361686364","17.576166394773132","9.1103272756911746",,,,,,,"4.7428519669132321","8.4658391190819575",,,,,,"15275.794687580685","15275.794687580685","564744.62017404824","0.94893809308630817","38959.233966626372","38959.233966626372","86953.185825836918","136950.79576206446","354931.3718461903",,,,"33626.572648936308","36955.575889609339","82455.651741033027",,,,"40306.826374598146","63064.328492310902","161988.21972153155",,,,,,,"1.0345898076211191","1.6187260906190728","4.157890",,,,,,
