alpha2;year;p2;shweal992i;ahweal992i
GB;1895;p0p90;.0696812438964844;
GB;1896;p0p90;.0709930419921875;
GB;1897;p0p90;.0721175384521484;
GB;1898;p0p90;.0737104797363281;
GB;1899;p0p90;.0740853118896484;
GB;1900;p0p90;.0734293365478516;
GB;1901;p0p90;.0706182098388672;
GB;1902;p0p90;.0743663787841797;
GB;1903;p0p90;.0760530090332031;
GB;1904;p0p90;.0763341522216797;
GB;1905;p0p90;.0748348999023438;
GB;1906;p0p90;.0745537567138672;
GB;1907;p0p90;.0779270935058594;
GB;1908;p0p90;.0795201110839844;
GB;1909;p0p90;.0783956146240234;
GB;1910;p0p90;.081019287109375;
GB;1911;p0p90;.0730037689208984;2979.551242410939
GB;1912;p0p90;.0715486145019531;2974.353949122642
GB;1913;p0p90;.0742674255371094;3128.797057197981
GB;1914;p0p90;.0703445434570313;3166.762056622057
GB;1919;p0p90;.1146587371826172;
GB;1920;p0p90;.1202615356445313;3033.514772907106
GB;1921;p0p90;.1182194519042969;
GB;1922;p0p90;.1117539215087891;
GB;1923;p0p90;.1166962432861328;
GB;1924;p0p90;.1207073211669922;4245.656085210277
GB;1925;p0p90;.1183522796630859;4343.817081491503
GB;1926;p0p90;.1278828430175781;4760.173957021577
GB;1927;p0p90;.1201717376708984;4796.172102999188
GB;1928;p0p90;.1331729888916016;5185.394339678289
GB;1929;p0p90;.1292977142333984;4778.078725272505
GB;1930;p0p90;.1386894226074219;5689.403925967807
GB;1931;p0p90;.1419263458251953;
GB;1932;p0p90;.1425822448730469;
GB;1933;p0p90;.1359293365478516;
GB;1934;p0p90;.1388340759277344;
GB;1935;p0p90;.1412703704833984;
GB;1936;p0p90;.1483679962158203;6818.074059978748
GB;1937;p0p90;.1452996063232422;
GB;1938;p0p90;.1498746490478516;6908.846200700259
GB;1939;p0p90;.1571062469482422;
GB;1940;p0p90;.1618850708007812;
GB;1941;p0p90;.1714427947998047;
GB;1946;p0p90;.1648836517333984;
GB;1947;p0p90;.1702246856689453;
GB;1948;p0p90;.1690065002441406;
GB;1949;p0p90;.1823123168945313;
GB;1950;p0p90;.2005844879150391;7717.677555187006
GB;1951;p0p90;.2169825744628906;7497.22499373047
GB;1952;p0p90;.2251346588134766;7362.413590860049
GB;1953;p0p90;.2306632232666016;6706.580648648152
GB;1954;p0p90;.2337554168701172;7270.332575754293
GB;1955;p0p90;.2467801666259766;7481.138488442898
GB;1956;p0p90;.2604608154296875;7812.353972865021
GB;1957;p0p90;.2758280944824218;8716.223454831417
GB;1958;p0p90;.2795762634277344;9446.366511490751
GB;1959;p0p90;.2836054992675781;10369.36443642444
GB;1960;p0p90;.2945861053466797;10419.02699391218
GB;1961;p0p90;.306400375366211;11206.76982587421
GB;1962;p0p90;.3265032196044922;12167.52043562326
GB;1963;p0p90;.3205402374267578;12920.09933032991
GB;1964;p0p90;.3150625610351562;13287.43114913394
GB;1965;p0p90;.3184075164794922;13204.35411806762
GB;1966;p0p90;.3371051025390625;13935.81590157486
GB;1967;p0p90;.3328709411621094;14507.42468423816
GB;1968;p0p90;.3264144134521484;14395.39999954364
GB;1969;p0p90;.3539461517333984;15101.79192894818
GB;1970;p0p90;.3553848266601563;15275.85256221537
GB;1971;p0p90;.3660114288330078;16320.57441286222
GB;1972;p0p90;.3401222229003906;17655.02015864869
GB;1973;p0p90;.3659680938720703;20009.17025038972
GB;1974;p0p90;.3895883560180664;17625.37711115843
GB;1975;p0p90;.4134509658813477;17639.50686835793
GB;1976;p0p90;.3904819107055664;15379.78497818459
GB;1977;p0p90;.4233441162109375;15336.01212813793
GB;1978;p0p90;.4115911865234375;16786.50931407847
GB;1979;p0p90;.4597516250610352;20712.22358452848
GB;1980;p0p90;.478969841003418;22907.99706236904
GB;1981;p0p90;.4683491134643555;20352.7326058598
GB;1982;p0p90;.4877173614501953;22953.86806250224
GB;1983;p0p90;.4933611679077148;25941.45226669298
GB;1984;p0p90;.5329415512084961;31688.57216586338
GB;1985;p0p90;.5131870651245117;30598.46613840452
GB;1986;p0p90;.5117599868774414;32492.09078247337
GB;1987;p0p90;.4964118194580078;37690.33732036436
GB;1988;p0p90;.5181462478637695;45080.04537978853
GB;1989;p0p90;.5147358322143555;46701.89892747187
GB;1990;p0p90;.5401427078247071;46052.95130781064
GB;1991;p0p90;.5441088104248046;
GB;1992;p0p90;.5200417709350585;40825.11518833185
GB;1993;p0p90;.5017038345336914;39407.56827183984
GB;1994;p0p90;.5045466232299805;40082.44047227978
GB;1995;p0p90;.5308302307128906;42746.71721100777
GB;1996;p0p90;.5162120437622071;41089.78915578443
GB;1997;p0p90;.4842697906494141;39555.45273277926
GB;1998;p0p90;.4811316299438477;
GB;1999;p0p90;.4992802810668945;48227.19358145635
GB;2000;p0p90;.494449234008789;51010.05419527707
GB;2001;p0p90;.4976004409790039;58719.05929749433
GB;2002;p0p90;.4915437698364258;60039.99461955656
GB;2003;p0p90;.4974470138549805;64084.11146476558
GB;2005;p0p90;.4881085586547851;66845.97889325283
GB;2006;p0p90;.48022705078125;67079.06391424737
GB;2009;p0p90;.4598651123046875;59623.98843904841
GB;2012;p0p90;.48083984375;63272.80459321282
GB;1895;p90p100;.9303187561035157;
GB;1896;p90p100;.9290069580078125;
GB;1897;p90p100;.9278824615478516;
GB;1898;p90p100;.9262895202636718;
GB;1899;p90p100;.9259146881103516;
GB;1900;p90p100;.9265706634521484;
GB;1901;p90p100;.9293817901611328;
GB;1902;p90p100;.9256336212158203;
GB;1903;p90p100;.9239469909667969;
GB;1904;p90p100;.9236658477783203;
GB;1905;p90p100;.9251651000976563;
GB;1906;p90p100;.9254462432861328;
GB;1907;p90p100;.9220729064941406;
GB;1908;p90p100;.9204798889160156;
GB;1909;p90p100;.9216043853759766;
GB;1910;p90p100;.918980712890625;
GB;1911;p90p100;.9269962310791016;340507.0082769643
GB;1912;p90p100;.9284513854980468;347370.6315381142
GB;1913;p90p100;.9257325744628906;350999.9707686224
GB;1914;p90p100;.9296554565429688;376660.0410988803
GB;1919;p90p100;.8853412628173828;
GB;1920;p90p100;.8797384643554688;199717.1957145596
GB;1921;p90p100;.8817805480957032;
GB;1922;p90p100;.888246078491211;
GB;1923;p90p100;.8833037567138672;
GB;1924;p90p100;.8792926788330078;278347.3983871451
GB;1925;p90p100;.8816477203369141;291227.5787609367
GB;1926;p90p100;.8721171569824219;292164.7933501063
GB;1927;p90p100;.8798282623291016;316033.292361344
GB;1928;p90p100;.8668270111083984;303766.9968109187
GB;1929;p90p100;.8707022857666016;289584.0566943
GB;1930;p90p100;.8613105773925781;317998.9734999029
GB;1931;p90p100;.8580736541748046;
GB;1932;p90p100;.8574177551269532;
GB;1933;p90p100;.8640706634521484;
GB;1934;p90p100;.8611659240722657;
GB;1935;p90p100;.8587296295166016;
GB;1936;p90p100;.8516320037841797;352221.5841401617
GB;1937;p90p100;.8547003936767578;
GB;1938;p90p100;.8501253509521485;352697.8581449448
GB;1939;p90p100;.8428937530517578;
GB;1940;p90p100;.8381149291992187;
GB;1941;p90p100;.8285572052001953;
GB;1946;p90p100;.8351163482666015;
GB;1947;p90p100;.8297753143310547;
GB;1948;p90p100;.8309934997558593;
GB;1949;p90p100;.8176876831054688;
GB;1950;p90p100;.799415512084961;276824.3993897332
GB;1951;p90p100;.7830174255371094;243494.7619648861
GB;1952;p90p100;.7748653411865234;228058.6753809457
GB;1953;p90p100;.7693367767333984;201317.624867014
GB;1954;p90p100;.7662445831298829;214487.7635557784
GB;1955;p90p100;.7532198333740234;205504.6710795043
GB;1956;p90p100;.7395391845703125;199638.0027230706
GB;1957;p90p100;.7241719055175782;205955.8053374465
GB;1958;p90p100;.7204237365722657;219076.1089021609
GB;1959;p90p100;.7163945007324218;235739.437696956
GB;1960;p90p100;.7054138946533203;224543.983887557
GB;1961;p90p100;.6935996246337891;228319.244118548
GB;1962;p90p100;.6734967803955079;225887.7343949001
GB;1963;p90p100;.6794597625732421;246484.4639941063
GB;1964;p90p100;.6849374389648437;259978.6254712936
GB;1965;p90p100;.6815924835205078;254390.6549228042
GB;1966;p90p100;.6628948974609375;246634.7458159479
GB;1967;p90p100;.6671290588378906;261677.7567838102
GB;1968;p90p100;.6735855865478516;267355.8579953618
GB;1969;p90p100;.6460538482666016;248086.147264871
GB;1970;p90p100;.6446151733398438;249373.1034006838
GB;1971;p90p100;.6339885711669921;254427.899070341
GB;1972;p90p100;.6598777770996094;308275.6493190043
GB;1973;p90p100;.6340319061279297;311989.1408482959
GB;1974;p90p100;.6104116439819336;248540.8438632176
GB;1975;p90p100;.5865490341186523;225221.1970171213
GB;1976;p90p100;.6095180892944336;216062.0301988244
GB;1977;p90p100;.5766558837890625;188008.7890681876
GB;1978;p90p100;.5884088134765625;215981.2288549322
GB;1979;p90p100;.5402483749389648;219048.0701027571
GB;1980;p90p100;.521030158996582;224276.7852361038
GB;1981;p90p100;.5316508865356445;207932.3568685824
GB;1982;p90p100;.5122826385498047;216990.0463439865
GB;1983;p90p100;.5066388320922851;239756.4530954366
GB;1984;p90p100;.4670584487915039;249940.6134496358
GB;1985;p90p100;.4868129348754883;261233.3221984033
GB;1986;p90p100;.4882400131225586;278989.0830295022
GB;1987;p90p100;.5035881805419922;344116.8579408419
GB;1988;p90p100;.4818537521362305;377302.5510085407
GB;1989;p90p100;.4852641677856445;396251.4561615008
GB;1990;p90p100;.459857292175293;352869.8371832307
GB;1991;p90p100;.4558911895751953;
GB;1992;p90p100;.4799582290649414;339105.7406165513
GB;1993;p90p100;.4982961654663086;352259.1403076428
GB;1994;p90p100;.4954533767700195;354240.4529166782
GB;1995;p90p100;.4691697692871094;340031.8908413012
GB;1996;p90p100;.483787956237793;346579.8758924022
GB;1997;p90p100;.5157302093505859;379126.4307924123
GB;1998;p90p100;.5188683700561524;
GB;1999;p90p100;.5007197189331055;435296.1043663463
GB;2000;p90p100;.505550765991211;469398.1338859834
GB;2001;p90p100;.5023995590209961;533568.3886299102
GB;2002;p90p100;.5084562301635742;558952.0217113915
GB;2003;p90p100;.5025529861450195;582677.0412860768
GB;2005;p90p100;.5118914413452148;630927.1880069542
GB;2006;p90p100;.5197729492187499;653426.2187508662
GB;2009;p90p100;.5401348876953125;630282.5740414266
GB;2012;p90p100;.51916015625;614837.7176176818
GB;1895;p90p95;.0356620788574219;
GB;1896;p90p95;.0358937072753906;
GB;1897;p90p95;.03486572265625;
GB;1898;p90p95;.0360700988769531;
GB;1899;p90p95;.0345378112792969;
GB;1900;p90p95;.0359654998779297;
GB;1901;p90p95;.0310595703125;
GB;1902;p90p95;.0357036590576172;
GB;1903;p90p95;.0374897003173828;
GB;1904;p90p95;.0379801940917969;
GB;1905;p90p95;.0347528076171875;
GB;1906;p90p95;.0343587493896484;
GB;1907;p90p95;.0375448608398437;
GB;1908;p90p95;.0398103332519531;
GB;1909;p90p95;.0378480529785156;
GB;1910;p90p95;.0412049865722656;
GB;1911;p90p95;.0492238616943359;36162.11009157199
GB;1912;p90p95;.0477437591552734;35725.68263415198
GB;1913;p90p95;.0501030731201172;37994.07666038493
GB;1914;p90p95;.047352294921875;38370.59681814576
GB;1919;p90p95;.0533852386474609;
GB;1920;p90p95;.0661400604248047;30030.07809170008
GB;1921;p90p95;.0660301971435547;
GB;1922;p90p95;.0605343627929687;
GB;1923;p90p95;.0617408752441406;
GB;1924;p90p95;.0625956726074219;39630.35981078227
GB;1925;p90p95;.0617916870117187;40822.2989315952
GB;1926;p90p95;.0677089691162109;45365.87042556077
GB;1927;p90p95;.0632671356201172;45450.9636127563
GB;1928;p90p95;.0658348846435547;46141.76747444487
GB;1929;p90p95;.0721162414550781;47969.81493099058
GB;1930;p90p95;.0694879913330078;51310.43434149064
GB;1931;p90p95;.0837056732177734;
GB;1932;p90p95;.0816992950439453;
GB;1933;p90p95;.0753298187255859;
GB;1934;p90p95;.0823606872558594;
GB;1935;p90p95;.0767411041259766;
GB;1936;p90p95;.0763045501708984;63116.72041180648
GB;1937;p90p95;.0806217956542969;
GB;1938;p90p95;.0752271270751953;62420.08090713299
GB;1939;p90p95;.0901333618164062;
GB;1940;p90p95;.0858368682861328;
GB;1941;p90p95;.0846714019775391;
GB;1946;p90p95;.1076291656494141;
GB;1947;p90p95;.1125131225585937;
GB;1948;p90p95;.1184580230712891;
GB;1949;p90p95;.1152806854248047;
GB;1950;p90p95;.1098858642578125;76103.3227770486
GB;1951;p90p95;.1014620971679688;63103.29347121748
GB;1952;p90p95;.1282678985595703;75503.71783205493
GB;1953;p90p95;.1203207397460938;62970.30450247074
GB;1954;p90p95;.1104667663574219;61843.88166624308
GB;1955;p90p95;.1317127990722656;71871.70133069488
GB;1956;p90p95;.12041748046875;65013.20226241507
GB;1957;p90p95;.1270789337158203;72282.9591577699
GB;1958;p90p95;.1261826324462891;76742.61333723181
GB;1959;p90p95;.1193209457397461;78528.38799125004
GB;1960;p90p95;.1142403411865234;72728.88023648171
GB;1961;p90p95;.114422492980957;75331.23196646923
GB;1962;p90p95;.1164458465576172;78110.80683459128
GB;1963;p90p95;.1171551895141602;84999.68852360974
GB;1964;p90p95;.124962158203125;94862.64957183128
GB;1965;p90p95;.129776725769043;96873.0937043283
GB;1966;p90p95;.1308472061157226;97365.26120411076
GB;1967;p90p95;.1321925735473633;103703.6407006775
GB;1968;p90p95;.1287156295776367;102178.1886976215
GB;1969;p90p95;.1406664276123047;108032.4563331097
GB;1970;p90p95;.1432132339477539;110805.7336365901
GB;1971;p90p95;.1399968719482422;112365.1486040078
GB;1972;p90p95;.1386758422851563;129570.6168897491
GB;1973;p90p95;.146384162902832;144062.999910407
GB;1974;p90p95;.1460926055908203;118968.8297518563
GB;1975;p90p95;.1464191818237305;112443.125735119
GB;1976;p90p95;.1504742813110352;106680.275069133
GB;1977;p90p95;.147748908996582;96342.01001841958
GB;1978;p90p95;.1548285675048828;113662.6899722174
GB;1979;p90p95;.144364013671875;117067.112291397
GB;1980;p90p95;.1375722503662109;118435.6088302082
GB;1981;p90p95;.1474359512329101;115326.4505088529
GB;1982;p90p95;.1412160873413086;119631.1685418474
GB;1983;p90p95;.1361844635009766;128893.0175401621
GB;1984;p90p95;.1287827301025391;137833.0041853768
GB;1985;p90p95;.134902458190918;144782.5840328514
GB;1986;p90p95;.1354068374633789;154747.7814373648
GB;1987;p90p95;.1386110687255859;189434.1737502052
GB;1988;p90p95;.1365257263183594;213805.5565193458
GB;1989;p90p95;.1319133758544922;215432.6271731296
GB;1990;p90p95;.1217625427246094;186868.0973743078
GB;1991;p90p95;.1231859970092773;
GB;1992;p90p95;.123527946472168;174552.8391372507
GB;1993;p90p95;.1240748977661133;175423.8537234133
GB;1994;p90p95;.1273474884033203;182102.4301575549
GB;1995;p90p95;.1229032135009766;178148.7845677248
GB;1996;p90p95;.1268125152587891;181693.9228573591
GB;1997;p90p95;.1222715377807617;179769.8520111603
GB;1998;p90p95;.1265881729125977;
GB;1999;p90p95;.1230106353759766;213876.3397969763
GB;2000;p90p95;.1241725540161133;230585.6070487424
GB;2001;p90p95;.1264041900634766;268492.5923886786
GB;2002;p90p95;.1307295989990234;287425.2268853741
GB;2003;p90p95;.1337238311767578;310087.9248463073
GB;2005;p90p95;.1393605041503906;343535.0697474963
GB;2006;p90p95;.1335747146606445;335843.6442397388
GB;2009;p90p95;.1366536331176758;318921.8308079637
GB;2012;p90p95;.129544563293457;306837.4283590969
GB;1895;p95p100;.8946566772460938;
GB;1896;p95p100;.8931132507324219;
GB;1897;p95p100;.8930167388916016;
GB;1898;p95p100;.8902194213867187;
GB;1899;p95p100;.8913768768310547;
GB;1900;p95p100;.8906051635742187;
GB;1901;p95p100;.8983222198486328;
GB;1902;p95p100;.8899299621582031;
GB;1903;p95p100;.886457290649414;
GB;1904;p95p100;.8856856536865234;
GB;1905;p95p100;.8904122924804687;
GB;1906;p95p100;.8910874938964843;
GB;1907;p95p100;.8845280456542969;
GB;1908;p95p100;.8806695556640625;
GB;1909;p95p100;.883756332397461;
GB;1910;p95p100;.8777757263183594;
GB;1911;p95p100;.8777723693847657;644851.9064623566
GB;1912;p95p100;.8807076263427734;659015.5804420765
GB;1913;p95p100;.8756295013427734;664005.8648768598
GB;1914;p95p100;.8823031616210938;714949.4853796149
GB;1919;p95p100;.8319560241699219;
GB;1920;p95p100;.8135984039306641;369404.3133374191
GB;1921;p95p100;.8157503509521484;
GB;1922;p95p100;.8277117156982422;
GB;1923;p95p100;.8215628814697266;
GB;1924;p95p100;.8166970062255859;517064.4369635079
GB;1925;p95p100;.8198560333251953;541632.8585902783
GB;1926;p95p100;.8044081878662109;538963.7162746518
GB;1927;p95p100;.8165611267089844;586615.6211099317
GB;1928;p95p100;.8009921264648437;561392.2261473925
GB;1929;p95p100;.7985860443115235;531198.2984576095
GB;1930;p95p100;.7918225860595703;584687.5126583152
GB;1931;p95p100;.7743679809570313;
GB;1932;p95p100;.7757184600830078;
GB;1933;p95p100;.7887408447265625;
GB;1934;p95p100;.7788052368164062;
GB;1935;p95p100;.781988525390625;
GB;1936;p95p100;.7753274536132813;641326.4478685169
GB;1937;p95p100;.7740785980224609;
GB;1938;p95p100;.7748982238769532;642975.6353827565
GB;1939;p95p100;.7527603912353515;
GB;1940;p95p100;.7522780609130859;
GB;1941;p95p100;.7438858032226563;
GB;1946;p95p100;.7274871826171875;
GB;1947;p95p100;.717262191772461;
GB;1948;p95p100;.7125354766845703;
GB;1949;p95p100;.7024069976806641;
GB;1950;p95p100;.6895296478271484;477545.4760024177
GB;1951;p95p100;.6815553283691407;423886.2304585548
GB;1952;p95p100;.6465974426269532;380613.6329298365
GB;1953;p95p100;.6490160369873047;339664.9452315572
GB;1954;p95p100;.6557778167724609;367131.6454453137
GB;1955;p95p100;.6215070343017578;339137.6408283137
GB;1956;p95p100;.6191217041015625;334262.8031837262
GB;1957;p95p100;.5970929718017578;339628.651517123
GB;1958;p95p100;.5942411041259765;361409.60446709
GB;1959;p95p100;.5970735549926758;392950.487402662
GB;1960;p95p100;.5911735534667969;376359.0875386322
GB;1961;p95p100;.579177131652832;381307.2562706268
GB;1962;p95p100;.5570509338378906;373664.661955209
GB;1963;p95p100;.562304573059082;407969.2394646028
GB;1964;p95p100;.5599752807617188;425094.601370756
GB;1965;p95p100;.5518157577514649;411908.21614128
GB;1966;p95p100;.5320476913452148;395904.2304277851
GB;1967;p95p100;.5349364852905274;419651.872866943
GB;1968;p95p100;.5448699569702149;432533.5272931021
GB;1969;p95p100;.5053874206542969;388139.8381966325
GB;1970;p95p100;.5014019393920899;387940.4731647774
GB;1971;p95p100;.49399169921875;396490.6495366743
GB;1972;p95p100;.5212019348144531;486980.6817482594
GB;1973;p95p100;.4876477432250976;479915.2817861848
GB;1974;p95p100;.4643190383911133;378112.8579745789
GB;1975;p95p100;.4401298522949219;337999.2682991236
GB;1976;p95p100;.4590438079833984;325443.7853285158
GB;1977;p95p100;.4289069747924805;279675.5681179555
GB;1978;p95p100;.4335802459716797;318299.7677376469
GB;1979;p95p100;.3958843612670899;321029.0279141173
GB;1980;p95p100;.3834579086303711;330117.9616419993
GB;1981;p95p100;.3842149353027344;300538.2632283119
GB;1982;p95p100;.3710665512084961;314348.9241461255
GB;1983;p95p100;.3704543685913086;350619.888650711
GB;1984;p95p100;.3382757186889648;362048.2227138947
GB;1985;p95p100;.3519104766845703;377684.0603639552
GB;1986;p95p100;.3528331756591797;403230.3846216395
GB;1987;p95p100;.3649771118164062;498799.5421314785
GB;1988;p95p100;.3453280258178711;540799.5454977354
GB;1989;p95p100;.3533507919311523;577070.285149872
GB;1990;p95p100;.3380947494506836;518871.5769921536
GB;1991;p95p100;.332705192565918;
GB;1992;p95p100;.3564302825927734;503658.6420958518
GB;1993;p95p100;.3742212677001953;529094.4268918723
GB;1994;p95p100;.3681058883666992;526378.4756758014
GB;1995;p95p100;.3462665557861328;501914.9971148777
GB;1996;p95p100;.3569754409790039;511465.8289274453
GB;1997;p95p100;.3934586715698242;578483.0095736643
GB;1998;p95p100;.3922801971435547;
GB;1999;p95p100;.3777090835571289;656715.8689357162
GB;2000;p95p100;.3813782119750976;708210.6607232244
GB;2001;p95p100;.3759953689575195;798644.1848711417
GB;2002;p95p100;.3777266311645508;830478.8165374089
GB;2003;p95p100;.3688291549682617;855266.1577258463
GB;2005;p95p100;.3725309371948242;918319.306266412
GB;2006;p95p100;.3861982345581055;971008.7932619937
GB;2009;p95p100;.4034812545776367;941643.3172748898
GB;2012;p95p100;.389615592956543;922838.0068762668
GB;1895;p95p99;.1945783996582031;
GB;1896;p95p99;.1880031585693359;
GB;1897;p95p99;.1792520141601562;
GB;1898;p95p99;.1882291412353516;
GB;1899;p95p99;.1772095489501953;
GB;1900;p95p99;.1840861511230469;
GB;1901;p95p99;.1606059265136719;
GB;1902;p95p99;.1834109497070313;
GB;1903;p95p99;.1830580902099609;
GB;1904;p95p99;.1856073760986328;
GB;1905;p95p99;.176949462890625;
GB;1906;p95p99;.1701774597167969;
GB;1907;p95p99;.1851542663574219;
GB;1908;p95p99;.1941773223876953;
GB;1909;p95p99;.1812628173828125;
GB;1910;p95p99;.1894720458984375;
GB;1911;p95p99;.2012521362304688;184811.3307251878
GB;1912;p95p99;.1929171752929688;180444.9916893592
GB;1913;p95p99;.209783935546875;198853.7437158949
GB;1914;p95p99;.2101627349853516;212874.3069271084
GB;1919;p95p99;.2064495468139649;
GB;1920;p95p99;.2404486846923828;136465.9468857022
GB;1921;p95p99;.2103711700439453;
GB;1922;p95p99;.2103567886352539;
GB;1923;p95p99;.2191170120239258;
GB;1924;p95p99;.2220560455322266;175734.2124469434
GB;1925;p95p99;.2171556091308594;179328.1511502386
GB;1926;p95p99;.2355323791503906;197262.1118928399
GB;1927;p95p99;.2254568862915039;202459.6307909613
GB;1928;p95p99;.2363959503173828;207103.8597261554
GB;1929;p95p99;.2353619766235352;195695.6961535483
GB;1930;p95p99;.2224444580078125;205318.2416538037
GB;1931;p95p99;.2432586288452148;
GB;1932;p95p99;.2325327301025391;
GB;1933;p95p99;.2292519760131836;
GB;1934;p95p99;.2408525848388672;
GB;1935;p95p99;.2422244262695313;
GB;1936;p95p99;.2410593795776367;249245.9071799886
GB;1937;p95p99;.2427679824829101;
GB;1938;p95p99;.2341790771484375;242889.0599489449
GB;1939;p95p99;.2408726501464844;
GB;1940;p95p99;.242503662109375;
GB;1941;p95p99;.2453826904296875;
GB;1946;p95p99;.2667227935791016;
GB;1947;p95p99;.2677690887451172;
GB;1948;p95p99;.2686780548095703;
GB;1949;p95p99;.2686132431030274;
GB;1950;p95p99;.2591134643554687;224316.7916423055
GB;1951;p95p99;.2630289459228516;204485.1381609652
GB;1952;p95p99;.2588418579101562;190456.09640296
GB;1953;p95p99;.2601445770263672;170184.5341105109
GB;1954;p95p99;.2464683151245117;172478.9932037161
GB;1955;p95p99;.2428841400146484;165668.1857425052
GB;1956;p95p99;.2400609588623047;162010.6525758379
GB;1957;p95p99;.2314031219482422;164528.6705246698
GB;1958;p95p99;.2414485549926758;183557.2845625516
GB;1959;p95p99;.236132698059082;194256.7586902256
GB;1960;p95p99;.2407327270507812;191572.2315430998
GB;1961;p95p99;.2388462829589844;196558.651594257
GB;1962;p95p99;.2294106674194336;192358.2169129529
GB;1963;p95p99;.2384769439697266;216277.9348651801
GB;1964;p95p99;.2392576217651367;227034.8505625474
GB;1965;p95p99;.2424552154541016;226228.8043811839
GB;1966;p95p99;.2393408966064453;222621.1931332982
GB;1967;p95p99;.2358130645751953;231240.990558273
GB;1968;p95p99;.2395746231079102;237726.5791983381
GB;1969;p95p99;.2293759918212891;220202.256509583
GB;1970;p95p99;.2275348281860352;220057.9065743572
GB;1971;p95p99;.2267170333862305;227461.2710357726
GB;1972;p95p99;.2376780700683594;277590.6536103542
GB;1973;p95p99;.2209902191162109;271857.5671491202
GB;1974;p95p99;.227646598815918;231726.7303553198
GB;1975;p95p99;.2188663864135742;210099.0141810782
GB;1976;p95p99;.2282324981689453;202259.694083956
GB;1977;p95p99;.2226258850097656;181458.4062721111
GB;1978;p95p99;.2220328521728516;203748.342819342
GB;1979;p95p99;.2106256675720215;213499.6981757168
GB;1980;p95p99;.1959134674072266;210826.7721928512
GB;1981;p95p99;.2103587913513184;205681.9633967328
GB;1982;p95p99;.1990393829345703;210770.1963583719
GB;1983;p95p99;.1958387756347656;231691.7261890406
GB;1984;p95p99;.1860595226287842;248918.6917842489
GB;1985;p95p99;.1940857887268067;260375.5557233142
GB;1986;p95p99;.189825439453125;271174.1349812605
GB;1987;p95p99;.1982444763183594;338665.9423846076
GB;1988;p95p99;.1932938766479492;378383.8583298115
GB;1989;p95p99;.1874223709106445;382608.032494321
GB;1990;p95p99;.1746214485168457;334987.8492486255
GB;1991;p95p99;.1769020175933838;
GB;1992;p95p99;.1865135383605957;329444.3543764385
GB;1993;p95p99;.1913258361816406;338133.6203385981
GB;1994;p95p99;.1916550064086914;342574.8993607017
GB;1995;p95p99;.1840109634399414;333405.943487608
GB;1996;p95p99;.1914947128295899;342961.2754451712
GB;1997;p95p99;.2007672882080078;368972.8855229367
GB;1998;p95p99;.1926678085327148;
GB;1999;p95p99;.1846796607971191;401373.9316676686
GB;2000;p95p99;.196410026550293;455911.1870716006
GB;2001;p95p99;.1874271965026856;497637.9130299957
GB;2002;p95p99;.1972735404968262;542162.9127023948
GB;2003;p95p99;.2009326553344727;582420.4031008414
GB;2005;p95p99;.1848742866516113;569662.8444566544
GB;2006;p95p99;.1874541473388672;589139.2331445382
GB;2009;p95p99;.1976669883728027;576643.2657508012
GB;2012;p95p99;.190803165435791;564917.1134305953
GB;1895;p99.5p100;.5738331604003907;
GB;1896;p99.5p100;.5802646255493165;
GB;1897;p99.5p100;.5938310241699218;
GB;1898;p99.5p100;.5814705276489258;
GB;1899;p99.5p100;.5985541534423828;
GB;1900;p99.5p100;.5899118423461914;
GB;1901;p99.5p100;.627998275756836;
GB;1902;p99.5p100;.5847867584228515;
GB;1903;p99.5p100;.5856911849975586;
GB;1904;p99.5p100;.5768478775024414;
GB;1905;p99.5p100;.5949364089965821;
GB;1906;p99.5p100;.6129244995117188;
GB;1907;p99.5p100;.5917206954956055;
GB;1908;p99.5p100;.5717227935791016;
GB;1909;p99.5p100;.5928261184692383;
GB;1910;p99.5p100;.5778527832031251;
GB;1911;p99.5p100;.5608994293212891;4120624.878919305
GB;1912;p99.5p100;.5790266418457031;4332738.437294486
GB;1913;p99.5p100;.5515862274169921;4182779.239718759
GB;1914;p99.5p100;.5517393493652344;4470864.222764304
GB;1919;p99.5p100;.5242906188964844;
GB;1920;p99.5p100;.4558029937744141;2069517.235025532
GB;1921;p99.5p100;.5053981399536133;
GB;1922;p99.5p100;.5150453567504882;
GB;1923;p99.5p100;.5043431091308593;
GB;1924;p99.5p100;.4944193267822266;3130250.862654864
GB;1925;p99.5p100;.5052352142333985;3337805.446595566
GB;1926;p99.5p100;.4664360809326172;3125181.063246949
GB;1927;p99.5p100;.4860908508300781;3492065.407580516
GB;1928;p99.5p100;.4610710906982422;3231513.987056068
GB;1929;p99.5p100;.4587992858886719;3051811.407595269
GB;1930;p99.5p100;.4697943878173828;3468995.667839115
GB;1931;p99.5p100;.4262105178833008;
GB;1932;p99.5p100;.4430931472778321;
GB;1933;p99.5p100;.4602772521972656;
GB;1934;p99.5p100;.434149398803711;
GB;1935;p99.5p100;.4356567764282226;
GB;1936;p99.5p100;.4213702392578125;3485441.893245645
GB;1937;p99.5p100;.42631103515625;
GB;1938;p99.5p100;.4383124542236328;3636919.276193448
GB;1939;p99.5p100;.4080215072631836;
GB;1940;p99.5p100;.4067151260375976;
GB;1941;p99.5p100;.3962639236450196;
GB;1946;p99.5p100;.3613932800292969;
GB;1947;p99.5p100;.3505401229858399;
GB;1948;p99.5p100;.3435057067871094;
GB;1949;p99.5p100;.335767822265625;
GB;1950;p99.5p100;.3333663177490234;2308785.088419263
GB;1951;p99.5p100;.322121353149414;2003400.170950764
GB;1952;p99.5p100;.2977039337158203;1752406.803354071
GB;1953;p99.5p100;.2916106796264649;1526155.28553107
GB;1954;p99.5p100;.311524829864502;1744045.322364264
GB;1955;p99.5p100;.2891508865356445;1577809.165318349
GB;1956;p99.5p100;.2871663475036621;1550406.449341014
GB;1957;p99.5p100;.2841565895080567;1616293.004138185
GB;1958;p99.5p100;.2714801025390625;1651106.189021343
GB;1959;p99.5p100;.2751033592224121;1810530.682335823
GB;1960;p99.5p100;.2659033584594727;1692821.75727243
GB;1961;p99.5p100;.2577045249938965;1696624.400095431
GB;1962;p99.5p100;.247608470916748;1660934.933631727
GB;1963;p99.5p100;.2420102691650391;1755858.838507274
GB;1964;p99.5p100;.2384380149841309;1810056.915252366
GB;1965;p99.5p100;.2296598243713379;1714317.999210242
GB;1966;p99.5p100;.217264461517334;1616695.661602195
GB;1967;p99.5p100;.2208835792541504;1732807.730794717
GB;1968;p99.5p100;.2278599548339844;1808818.209416853
GB;1969;p99.5p100;.2047615814208984;1572578.2604304
GB;1970;p99.5p100;.2018233871459961;1561530.862845541
GB;1971;p99.5p100;.1949082183837891;1564384.305024599
GB;1972;p99.5p100;.2132188034057617;1992192.110358348
GB;1973;p99.5p100;.2056396484375;2023788.917254145
GB;1974;p99.5p100;.1722689437866211;1402852.290983467
GB;1975;p99.5p100;.1610381698608399;1236698.290229151
GB;1976;p99.5p100;.1680259704589844;1191237.239423713
GB;1977;p99.5p100;.1466078853607178;955979.8753253964
GB;1978;p99.5p100;.1537517070770264;1128721.455983509
GB;1979;p99.5p100;.13162672996521;1067382.430389481
GB;1980;p99.5p100;.1383199787139893;1190793.263086459
GB;1981;p99.5p100;.1229648208618164;961847.9216814503
GB;1982;p99.5p100;.1232320404052734;1043959.882548492
GB;1983;p99.5p100;.1259643363952637;1192200.857795587
GB;1984;p99.5p100;.1069883346557617;1145069.961372357
GB;1985;p99.5p100;.1086804676055908;1166401.201642104
GB;1986;p99.5p100;.1156556606292725;1321754.294563826
GB;1987;p99.5p100;.1183424091339111;1617338.117367324
GB;1988;p99.5p100;.1058871269226074;1658241.029762481
GB;1989;p99.5p100;.1185076713562012;1935392.738989391
GB;1990;p99.5p100;.1196041584014893;1835556.404984999
GB;1991;p99.5p100;.1117741870880127;
GB;1992;p99.5p100;.1233380031585693;1742844.371633601
GB;1993;p99.5p100;.1345958614349365;1902989.656509531
GB;1994;p99.5p100;.1281134128570557;1831976.751921532
GB;1995;p99.5p100;.1164380073547363;1687774.379273595
GB;1996;p99.5p100;.1170807552337647;1677504.910782108
GB;1997;p99.5p100;.1389688587188721;2043191.049976492
GB;1998;p99.5p100;.1502597808837891;
GB;1999;p99.5p100;.1448956680297852;2519274.454272136
GB;2000;p99.5p100;.1335297012329102;2479616.164924201
GB;2001;p99.5p100;.142297420501709;3022510.828283453
GB;2002;p99.5p100;.1334120845794678;2933230.039188806
GB;2003;p99.5p100;.1233405876159668;2860105.526935188
GB;2005;p99.5p100;.1395417213439941;3439817.849888308
GB;2006;p99.5p100;.1508085250854492;3791741.930783245
GB;2009;p99.5p100;.1558934116363525;3638235.670408546
GB;2012;p99.5p100;.1499282932281494;3551180.440369549
GB;1895;p99.5p99.9;.2306552124023437;
GB;1896;p99.5p99.9;.2384724807739258;
GB;1897;p99.5p99.9;.2217644500732422;
GB;1898;p99.5p99.9;.2390387725830078;
GB;1899;p99.5p99.9;.2100711441040039;
GB;1900;p99.5p99.9;.2259468460083008;
GB;1901;p99.5p99.9;.1936772155761719;
GB;1902;p99.5p99.9;.2232735824584961;
GB;1903;p99.5p99.9;.2200205993652344;
GB;1904;p99.5p99.9;.2296191024780273;
GB;1905;p99.5p99.9;.2311846160888672;
GB;1906;p99.5p99.9;.2036544418334961;
GB;1907;p99.5p99.9;.2113393020629883;
GB;1908;p99.5p99.9;.2195904159545898;
GB;1909;p99.5p99.9;.1992263031005859;
GB;1910;p99.5p99.9;.2048268127441406;
GB;1911;p99.5p99.9;.2175989151000977;1998226.991138783
GB;1912;p99.5p99.9;.2215819931030273;2072566.15919592
GB;1913;p99.5p99.9;.2109914779663086;1999983.705919908
GB;1914;p99.5p99.9;.2318018913269043;2347926.570523885
GB;1919;p99.5p99.9;.1874020767211914;
GB;1920;p99.5p99.9;.1782407569885254;1011600.196822953
GB;1921;p99.5p99.9;.1855656433105469;
GB;1922;p99.5p99.9;.1866848373413086;
GB;1923;p99.5p99.9;.1734198760986328;
GB;1924;p99.5p99.9;.1799344635009766;1423993.711120031
GB;1925;p99.5p99.9;.1674790954589844;1383050.461610479
GB;1926;p99.5p99.9;.1774087333679199;1485826.345346946
GB;1927;p99.5p99.9;.1795078277587891;1611975.093328584
GB;1928;p99.5p99.9;.1768829154968262;1549651.526171443
GB;1929;p99.5p99.9;.1824079704284668;1516661.920886722
GB;1930;p99.5p99.9;.1745490455627441;1611103.438505698
GB;1931;p99.5p99.9;.177800121307373;
GB;1932;p99.5p99.9;.1694185066223144;
GB;1933;p99.5p99.9;.1690135955810547;
GB;1934;p99.5p99.9;.1763581848144531;
GB;1935;p99.5p99.9;.1774391746520996;
GB;1936;p99.5p99.9;.1868129539489746;1931572.389407462
GB;1937;p99.5p99.9;.1800326347351074;
GB;1938;p99.5p99.9;.1680899620056152;1743418.470836269
GB;1939;p99.5p99.9;.1686721038818359;
GB;1940;p99.5p99.9;.1708835411071777;
GB;1941;p99.5p99.9;.1676811408996582;
GB;1946;p99.5p99.9;.1685215568542481;
GB;1947;p99.5p99.9;.1575617980957031;
GB;1948;p99.5p99.9;.1529791831970215;
GB;1949;p99.5p99.9;.1523834991455078;
GB;1950;p99.5p99.9;.1324906730651856;1146983.341002317
GB;1951;p99.5p99.9;.1319254302978516;1025620.573688246
GB;1952;p99.5p99.9;.1254675674438477;923191.608708999
GB;1953;p99.5p99.9;.133452091217041;873033.0737412828
GB;1954;p99.5p99.9;.1502750968933105;1051627.971029667
GB;1955;p99.5p99.9;.131590461730957;897561.8191731835
GB;1956;p99.5p99.9;.1318656158447266;889925.3996387123
GB;1957;p99.5p99.9;.1239364051818848;881193.4688911914
GB;1958;p99.5p99.9;.1204321670532227;915565.7013123862
GB;1959;p99.5p99.9;.127890739440918;1052105.054255251
GB;1960;p99.5p99.9;.1296907424926758;1032063.45286665
GB;1961;p99.5p99.9;.1266748237609863;1042471.008589042
GB;1962;p99.5p99.9;.1232426261901855;1033375.304133981
GB;1963;p99.5p99.9;.1303721427917481;1182362.426219579
GB;1964;p99.5p99.9;.1268472480773926;1203670.996938648
GB;1965;p99.5p99.9;.123892707824707;1156011.394114008
GB;1966;p99.5p99.9;.1152642440795899;1072121.97774958
GB;1967;p99.5p99.9;.116014461517334;1137651.090226104
GB;1968;p99.5p99.9;.116508960723877;1156102.27492105
GB;1969;p99.5p99.9;.1100771141052246;1056746.555015162
GB;1970;p99.5p99.9;.102596378326416;992250.0399878352
GB;1971;p99.5p99.9;.1061441040039063;1064925.402783967
GB;1972;p99.5p99.9;.0979527282714844;1144016.436012727
GB;1973;p99.5p99.9;.0860086441040039;1058060.435136869
GB;1974;p99.5p99.9;.0894227027893066;910254.3435607273
GB;1975;p99.5p99.9;.0899553108215332;863518.7172252069
GB;1976;p99.5p99.9;.0859841537475586;761991.7747285727
GB;1977;p99.5p99.9;.0804227495193481;655511.5527182277
GB;1978;p99.5p99.9;.0865615701675415;794331.8432781572
GB;1979;p99.5p99.9;.064116792678833;649916.7951714648
GB;1980;p99.5p99.9;.0718920803070068;773646.4183878975
GB;1981;p99.5p99.9;.073604211807251;719677.9702684616
GB;1982;p99.5p99.9;.0692112159729004;732903.276011726
GB;1983;p99.5p99.9;.0709798145294189;839743.595189205
GB;1984;p99.5p99.9;.0622676658630371;833044.4853397728
GB;1985;p99.5p99.9;.0628484678268433;843142.8619334539
GB;1986;p99.5p99.9;.062841420173645;897717.8088287882
GB;1987;p99.5p99.9;.0646253967285156;1104011.637120957
GB;1988;p99.5p99.9;.0595178890228271;1165096.840037008
GB;1989;p99.5p99.9;.062072925567627;1267169.96520757
GB;1990;p99.5p99.9;.0609909868240356;1170030.352701143
GB;1991;p99.5p99.9;.0632499551773071;
GB;1992;p99.5p99.9;.0651473951339722;1150717.62178056
GB;1993;p99.5p99.9;.0642314958572388;1135174.875877841
GB;1994;p99.5p99.9;.0676820516586304;1209786.922343065
GB;1995;p99.5p99.9;.0629330062866211;1140271.098268054
GB;1996;p99.5p99.9;.065745735168457;1177486.357470351
GB;1997;p99.5p99.9;.0731160402297974;1343736.650646428
GB;1998;p99.5p99.9;.0717700290679932;
GB;1999;p99.5p99.9;.0698184728622437;1517401.257658597
GB;2000;p99.5p99.9;.0744109487533569;1727242.981079695
GB;2001;p99.5p99.9;.0670261907577515;1779612.260623015
GB;2003;p99.5p99.9;.0567801713943481;1645821.594134755
GB;2009;p99.5p99.9;.0734564208984375;
GB;1895;p99.9p100;.3431779479980469;
GB;1896;p99.9p100;.3417921447753906;
GB;1897;p99.9p100;.3720665740966797;
GB;1898;p99.9p100;.3424317550659179;
GB;1899;p99.9p100;.3884830093383789;
GB;1900;p99.9p100;.3639649963378906;
GB;1901;p99.9p100;.4343210601806641;
GB;1902;p99.9p100;.3615131759643554;
GB;1903;p99.9p100;.3656705856323242;
GB;1904;p99.9p100;.3472287750244141;
GB;1905;p99.9p100;.3637517929077149;
GB;1906;p99.9p100;.4092700576782227;
GB;1907;p99.9p100;.3803813934326172;
GB;1908;p99.9p100;.3521323776245117;
GB;1909;p99.9p100;.3935998153686524;
GB;1910;p99.9p100;.3730259704589844;
GB;1911;p99.9p100;.3433005142211914;12610216.43004139
GB;1912;p99.9p100;.3574446487426758;13373427.54968875
GB;1913;p99.9p100;.3405947494506836;12913961.37491417
GB;1914;p99.9p100;.3199374580383301;12962614.83172598
GB;1919;p99.9p100;.336888542175293;
GB;1920;p99.9p100;.2775622367858886;6301185.387835847
GB;1921;p99.9p100;.3198324966430664;
GB;1922;p99.9p100;.3283605194091797;
GB;1923;p99.9p100;.3309232330322265;
GB;1924;p99.9p100;.31448486328125;9955279.468794201
GB;1925;p99.9p100;.3377561187744141;11156825.38653591
GB;1926;p99.9p100;.2890273475646973;9682599.93484696
GB;1927;p99.9p100;.306583023071289;11012426.66458824
GB;1928;p99.9p100;.284188175201416;9958963.830594566
GB;1929;p99.9p100;.2763913154602051;9192409.354429457
GB;1930;p99.9p100;.2952453422546387;10900564.58517279
GB;1931;p99.9p100;.2484103965759277;
GB;1932;p99.9p100;.2736746406555176;
GB;1933;p99.9p100;.291263656616211;
GB;1934;p99.9p100;.2577912139892578;
GB;1935;p99.9p100;.2582176017761231;
GB;1936;p99.9p100;.2345572853088379;9700919.908598375
GB;1937;p99.9p100;.2462784004211426;
GB;1938;p99.9p100;.2702224922180176;11210922.49762217
GB;1939;p99.9p100;.2393494033813477;
GB;1940;p99.9p100;.2358315849304199;
GB;1941;p99.9p100;.2285827827453613;
GB;1946;p99.9p100;.1928717231750488;
GB;1947;p99.9p100;.1929783248901367;
GB;1948;p99.9p100;.1905265235900879;
GB;1949;p99.9p100;.1833843231201172;
GB;1950;p99.9p100;.2008756446838379;6955992.078087044
GB;1951;p99.9p100;.1901959228515625;5914518.560000836
GB;1952;p99.9p100;.1722363662719727;5069267.581934356
GB;1953;p99.9p100;.1581585884094238;4138644.13269022
GB;1954;p99.9p100;.1612497329711914;4513714.727702651
GB;1955;p99.9p100;.1575604248046875;4298798.549899013
GB;1956;p99.9p100;.1553007316589355;4192330.648150221
GB;1957;p99.9p100;.1602201843261719;4556691.145126158
GB;1958;p99.9p100;.1510479354858398;4593268.13985717
GB;1959;p99.9p100;.1472126197814941;4844233.19465811
GB;1960;p99.9p100;.1362126159667969;4335854.974895547
GB;1961;p99.9p100;.1310297012329102;4313237.966120984
GB;1962;p99.9p100;.1243658447265625;4171173.451622712
GB;1963;p99.9p100;.111638126373291;4049844.487658052
GB;1964;p99.9p100;.1115907669067383;4235600.58850724
GB;1965;p99.9p100;.1057671165466309;3947544.419595177
GB;1966;p99.9p100;.1020002174377441;3794990.397012652
GB;1967;p99.9p100;.1048691177368164;4113434.293069172
GB;1968;p99.9p100;.1113509941101074;4419681.947400067
GB;1969;p99.9p100;.0946844673156738;3635905.082091353
GB;1970;p99.9p100;.0992270088195801;3838654.154276365
GB;1971;p99.9p100;.0887641143798828;3562219.913987125
GB;1972;p99.9p100;.1152660751342773;5384894.80774083
GB;1973;p99.9p100;.1196310043334961;5886702.845723252
GB;1974;p99.9p100;.0828462409973145;3373244.080674427
GB;1975;p99.9p100;.0710828590393066;2729416.582244926
GB;1976;p99.9p100;.0820418167114258;2908219.098204273
GB;1977;p99.9p100;.0661851358413696;2157853.165754071
GB;1978;p99.9p100;.0671901369094849;2466279.906804915
GB;1979;p99.9p100;.067509937286377;2737244.971261546
GB;1980;p99.9p100;.0664278984069824;2859380.641880704
GB;1981;p99.9p100;.0493606090545654;1930527.727333405
GB;1982;p99.9p100;.054020824432373;2288186.308695558
GB;1983;p99.9p100;.0549845218658447;2602029.908221113
GB;1984;p99.9p100;.0447206687927246;2393171.865502692
GB;1985;p99.9p100;.0458319997787476;2459434.560476705
GB;1986;p99.9p100;.0528142404556274;3017900.237503975
GB;1987;p99.9p100;.0537170124053955;3670644.038352792
GB;1988;p99.9p100;.0463692378997803;3630817.788664375
GB;1989;p99.9p100;.0564347457885742;4608283.834116671
GB;1990;p99.9p100;.0586131715774536;4497660.614120422
GB;1991;p99.9p100;.0485242319107056;
GB;1992;p99.9p100;.0581906080245972;4111351.371045767
GB;1993;p99.9p100;.0703643655776977;4974248.77903629
GB;1994;p99.9p100;.0604313611984253;4320736.070235402
GB;1995;p99.9p100;.0535050010681152;3877787.503295758
GB;1996;p99.9p100;.0513350200653076;3677579.124029137
GB;1997;p99.9p100;.0658528184890747;4841008.647296745
GB;1998;p99.9p100;.0784897518157959;
GB;1999;p99.9p100;.0750771951675415;6526767.240726293
GB;2000;p99.9p100;.0591187524795532;5489108.900302226
GB;2001;p99.9p100;.0752712297439575;7994105.098925202
GB;2003;p99.9p100;.0665604162216187;7717241.258136915
GB;2009;p99.9p100;.082436990737915;
GB;1895;p99p100;.7000782775878907;
GB;1896;p99p100;.705110092163086;
GB;1897;p99p100;.7137647247314454;
GB;1898;p99p100;.7019902801513672;
GB;1899;p99p100;.7141673278808593;
GB;1900;p99p100;.7065190124511719;
GB;1901;p99p100;.7377162933349609;
GB;1902;p99p100;.7065190124511719;
GB;1903;p99p100;.7033992004394531;
GB;1904;p99p100;.7000782775878907;
GB;1905;p99p100;.7134628295898438;
GB;1906;p99p100;.7209100341796875;
GB;1907;p99p100;.6993737792968751;
GB;1908;p99p100;.6864922332763672;
GB;1909;p99p100;.7024935150146484;
GB;1910;p99p100;.6883036804199218;
GB;1911;p99p100;.6765202331542969;2485014.209411032
GB;1912;p99p100;.6877904510498047;2573297.935452946
GB;1913;p99p100;.6658455657958985;2524614.34952072
GB;1914;p99p100;.6721404266357421;2723250.199189641
GB;1919;p99p100;.625506477355957;
GB;1920;p99p100;.5731497192382813;1301157.779144287
GB;1921;p99p100;.6053791809082031;
GB;1922;p99p100;.6173549270629883;
GB;1923;p99p100;.6024458694458008;
GB;1924;p99p100;.5946409606933594;1882385.335029766
GB;1925;p99p100;.6027004241943359;1990851.688350437
GB;1926;p99p100;.5688758087158203;1905770.1338019
GB;1927;p99p100;.5911042404174804;2123239.582385814
GB;1928;p99p100;.5645961761474609;1978545.691832341
GB;1929;p99p100;.5632240676879883;1873208.707673855
GB;1930;p99p100;.5693781280517578;2102164.596676361
GB;1931;p99p100;.5311093521118164;
GB;1932;p99p100;.5431857299804688;
GB;1933;p99p100;.5594888687133789;
GB;1934;p99p100;.5379526519775391;
GB;1935;p99p100;.5397640991210938;
GB;1936;p99p100;.5342680740356446;2209648.61062263
GB;1937;p99p100;.5313106155395508;
GB;1938;p99p100;.5407191467285156;2243321.937118003
GB;1939;p99p100;.5118877410888671;
GB;1940;p99p100;.5097743988037109;
GB;1941;p99p100;.4985031127929688;
GB;1946;p99p100;.4607643890380859;
GB;1947;p99p100;.4494931030273437;
GB;1948;p99p100;.443857421875;
GB;1949;p99p100;.4337937545776367;
GB;1950;p99p100;.4304161834716797;1490460.213442866
GB;1951;p99p100;.418526382446289;1301490.599648913
GB;1952;p99p100;.3877555847167969;1141243.779037342
GB;1953;p99p100;.3888714599609375;1017586.589715743
GB;1954;p99p100;.4093095016479492;1145742.254411704
GB;1955;p99p100;.3786228942871094;1033015.461171548
GB;1956;p99p100;.3790607452392578;1023271.40561528
GB;1957;p99p100;.3656898498535156;1040028.575486936
GB;1958;p99p100;.3527925491333008;1072818.884085244
GB;1959;p99p100;.3609408569335937;1187725.402252408
GB;1960;p99p100;.3504408264160156;1115506.511520762
GB;1961;p99p100;.3403308486938477;1120301.674976106
GB;1962;p99p100;.327640266418457;1098890.442124234
GB;1963;p99p100;.3238276290893555;1174734.457862294
GB;1964;p99p100;.3207176589965821;1217333.60460359
GB;1965;p99p100;.3093605422973633;1154625.863181665
GB;1966;p99p100;.2927067947387695;1089036.379605732
GB;1967;p99p100;.299123420715332;1173295.402101623
GB;1968;p99p100;.3052953338623047;1211761.319672158
GB;1969;p99p100;.2760114288330078;1059890.16494483
GB;1970;p99p100;.2738671112060547;1059470.739526458
GB;1971;p99p100;.2672746658325195;1072608.163540281
GB;1972;p99p100;.2835238647460938;1324540.79429988
GB;1973;p99p100;.2666575241088867;1312146.140334444
GB;1974;p99p100;.2366724395751953;963657.368451615
GB;1975;p99p100;.2212634658813477;849600.284771305
GB;1976;p99p100;.2308113098144531;818180.1503067552
GB;1977;p99p100;.2062810897827148;672544.2155013331
GB;1978;p99p100;.2115473937988281;776505.4674108665
GB;1979;p99p100;.1852586936950684;751146.3468677195
GB;1980;p99p100;.1875444412231445;807282.7194385921
GB;1981;p99p100;.173856143951416;679963.4625546283
GB;1982;p99p100;.1720271682739258;728663.8352971398
GB;1983;p99p100;.174615592956543;826332.538497393
GB;1984;p99p100;.1522161960601807;814566.3464324778
GB;1985;p99p100;.1578246879577637;846918.0789265197
GB;1986;p99p100;.1630077362060547;931455.3831831558
GB;1987;p99p100;.1667326354980469;1139333.941118963
GB;1988;p99p100;.1520341491699219;1190462.294169431
GB;1989;p99p100;.1659284210205078;1354919.295772076
GB;1990;p99p100;.1634733009338379;1254406.487966267
GB;1991;p99p100;.1558031749725342;
GB;1992;p99p100;.1699167442321777;1200515.792973505
GB;1993;p99p100;.1828954315185547;1292937.653104969
GB;1994;p99p100;.1764508819580078;1261592.7809362
GB;1995;p99p100;.1622555923461914;1175951.211623956
GB;1996;p99p100;.1654807281494141;1185484.042856542
GB;1997;p99p100;.1926913833618164;1416523.505776575
GB;1998;p99p100;.1996123886108399;
GB;1999;p99p100;.1930294227600098;1678083.618007907
GB;2000;p99p100;.1849681854248047;1717408.55532972
GB;2001;p99p100;.188568172454834;2002669.272235726
GB;2002;p99p100;.1804530906677246;1983742.431877466
GB;2003;p99p100;.1678964996337891;1946649.176225865
GB;2005;p99p100;.1876566505432129;2312945.153505442
GB;2006;p99p100;.1987440872192383;2498487.033731816
GB;2009;p99p100;.205814266204834;2401643.523371245
GB;2012;p99p100;.198812427520752;2354521.580658954
GB;1895;p99p99.5;.1262451171875;
GB;1896;p99p99.5;.1248454666137695;
GB;1897;p99p99.5;.1199337005615234;
GB;1898;p99p99.5;.1205197525024414;
GB;1899;p99p99.5;.1156131744384766;
GB;1900;p99p99.5;.1166071701049805;
GB;1901;p99p99.5;.109718017578125;
GB;1902;p99p99.5;.1217322540283203;
GB;1903;p99p99.5;.1177080154418945;
GB;1904;p99p99.5;.1232304000854492;
GB;1905;p99p99.5;.1185264205932617;
GB;1906;p99p99.5;.1079855346679687;
GB;1907;p99p99.5;.1076530838012695;
GB;1908;p99p99.5;.1147694396972656;
GB;1909;p99p99.5;.1096673965454102;
GB;1910;p99p99.5;.1104508972167969;
GB;1911;p99p99.5;.1156208038330078;849403.5399027594
GB;1912;p99p99.5;.1087638092041016;813857.4336114059
GB;1913;p99p99.5;.1142593383789063;866449.4593226805
GB;1914;p99p99.5;.1204010772705078;975636.1756149784
GB;1919;p99p99.5;.1012158584594727;
GB;1920;p99p99.5;.1173467254638672;532798.323263042
GB;1921;p99p99.5;.0999810409545898;
GB;1922;p99p99.5;.1023095703125;
GB;1923;p99p99.5;.0981027603149414;
GB;1924;p99p99.5;.1002216339111328;634519.807404667
GB;1925;p99p99.5;.0974652099609375;643897.930105309
GB;1926;p99p99.5;.1024397277832031;686359.2043568507
GB;1927;p99p99.5;.1050133895874023;754413.7571911123
GB;1928;p99p99.5;.1035250854492187;725577.3966086146
GB;1929;p99p99.5;.1044247817993164;694606.0077524397
GB;1930;p99p99.5;.099583740234375;735333.5255136067
GB;1931;p99p99.5;.1048988342285156;
GB;1932;p99p99.5;.1000925827026367;
GB;1933;p99p99.5;.0992116165161133;
GB;1934;p99p99.5;.1038032531738281;
GB;1935;p99p99.5;.1041073226928711;
GB;1936;p99p99.5;.112897834777832;933855.3279996152
GB;1937;p99p99.5;.1049995803833008;
GB;1938;p99p99.5;.1024066925048828;849724.5980425577
GB;1939;p99p99.5;.1038662338256836;
GB;1940;p99p99.5;.1030592727661133;
GB;1941;p99p99.5;.1022391891479492;
GB;1946;p99p99.5;.0993711090087891;
GB;1947;p99p99.5;.0989529800415039;
GB;1948;p99p99.5;.1003517150878906;
GB;1949;p99p99.5;.0980259323120117;
GB;1950;p99p99.5;.0970498657226563;672135.3384664695
GB;1951;p99p99.5;.096405029296875;599581.0283470619
GB;1952;p99p99.5;.0900516510009766;530080.7547206142
GB;1953;p99p99.5;.0972607803344727;509017.8939004151
GB;1954;p99p99.5;.0977846717834473;547439.1864591435
GB;1955;p99p99.5;.0894720077514648;488221.757024747
GB;1956;p99p99.5;.0918943977355957;496136.3618895453
GB;1957;p99p99.5;.081533260345459;463764.1468356878
GB;1958;p99p99.5;.0813124465942383;494531.5791491445
GB;1959;p99p99.5;.0858374977111816;564920.1221689925
GB;1960;p99p99.5;.084537467956543;538191.2657690942
GB;1961;p99p99.5;.0826263236999512;543978.9498567815
GB;1962;p99p99.5;.080031795501709;536845.9506167398
GB;1963;p99p99.5;.0818173599243164;593610.0772173139
GB;1964;p99p99.5;.0822796440124512;624610.2939548135
GB;1965;p99p99.5;.0797007179260254;594933.7271530882
GB;1966;p99p99.5;.0754423332214356;561377.0976092704
GB;1967;p99p99.5;.0782398414611816;613783.073408528
GB;1968;p99p99.5;.0774353790283203;614704.4299274624
GB;1969;p99p99.5;.0712498474121094;547202.0694592601
GB;1970;p99p99.5;.0720437240600586;557410.6162073754
GB;1971;p99p99.5;.0723664474487305;580832.0220559627
GB;1972;p99p99.5;.070305061340332;656889.4782414127
GB;1973;p99p99.5;.0610178756713867;600503.3634147417
GB;1974;p99p99.5;.0644034957885742;524462.4459197627
GB;1975;p99p99.5;.0602252960205078;462502.2793134595
GB;1976;p99p99.5;.0627853393554687;445123.0611897974
GB;1977;p99p99.5;.0596732044219971;389108.5556772699
GB;1978;p99p99.5;.0577956867218018;424289.4788382242
GB;1979;p99p99.5;.0536319637298584;434910.263345958
GB;1980;p99p99.5;.0492244625091553;423772.1757907255
GB;1981;p99p99.5;.0508913230895996;398079.0034278063
GB;1982;p99p99.5;.0487951278686523;413367.7880457873
GB;1983;p99p99.5;.0486512565612793;460464.2191991991
GB;1984;p99p99.5;.0452278614044189;484062.7314925989
GB;1985;p99p99.5;.0491442203521728;527434.9562109353
GB;1986;p99p99.5;.0473520755767822;541156.4718024859
GB;1987;p99p99.5;.0483902263641357;661329.7648706014
GB;1988;p99p99.5;.0461470222473145;722683.558576381
GB;1989;p99p99.5;.0474207496643066;774445.8525547611
GB;1990;p99p99.5;.0438691425323486;673256.5709475343
GB;1991;p99p99.5;.0440289878845215;
GB;1992;p99p99.5;.0465787410736084;658187.2143134094
GB;1993;p99p99.5;.0482995700836182;682885.6497004068
GB;1994;p99p99.5;.0483374691009522;691208.8099508686
GB;1995;p99p99.5;.0458175849914551;664128.0439743177
GB;1996;p99p99.5;.0483999729156494;693463.1749309761
GB;1997;p99p99.5;.0537225246429443;789855.9615766577
GB;1998;p99p99.5;.0493526077270508;
GB;1999;p99p99.5;.0481337547302246;836892.7817436783
GB;2000;p99p99.5;.0514384841918945;955200.9457352387
GB;2001;p99p99.5;.046270751953125;982827.7161879995
GB;2002;p99p99.5;.0470410060882568;1034254.824566125
GB;2003;p99p99.5;.0445559120178223;1033192.825516543
GB;2005;p99p99.5;.0481149291992188;1186072.457122575
GB;2006;p99p99.5;.0479355621337891;1205232.136680386
GB;2009;p99p99.5;.0499208545684814;1165051.376333944
GB;2012;p99p99.5;.0488841342926025;1157862.720948359
GB;1911;pall;;36732.29694586628
GB;1912;pall;;37413.98170802181
GB;1913;pall;;37915.91442834042
GB;1914;pall;;40516.08996084789
GB;1920;pall;;22701.88286707236
GB;1924;pall;;31655.83031540376
GB;1925;pall;;33032.19324943603
GB;1926;pall;;33500.63589633005
GB;1927;pall;;35919.88412883368
GB;1928;pall;;35043.55458680233
GB;1929;pall;;33258.67652217526
GB;1930;pall;;36920.36088336132
GB;1936;pall;;41358.42506799704
GB;1938;pall;;41487.74739512471
GB;1950;pall;;34628.34973864162
GB;1951;pall;;31096.97869084604
GB;1952;pall;;29432.03976986861
GB;1953;pall;;26167.68507048474
GB;1954;pall;;27992.0756737567
GB;1955;pall;;27283.49174754904
GB;1956;pall;;26994.91884788558
GB;1957;pall;;28440.18164309292
GB;1958;pall;;30409.34075055777
GB;1959;pall;;32906.3717624776
GB;1960;pall;;31831.52268327666
GB;1961;pall;;32918.0172551416
GB;1962;pall;;33539.54183155095
GB;1963;pall;;36276.53579670755
GB;1964;pall;;37956.55058134991
GB;1965;pall;;37322.98419854128
GB;1966;pall;;37205.70889301217
GB;1967;pall;;39224.45789419537
GB;1968;pall;;39691.44579912546
GB;1969;pall;;38400.22746254047
GB;1970;pall;;38685.57764606221
GB;1971;pall;;40131.3068786101
GB;1972;pall;;46717.08307468425
GB;1973;pall;;49207.16731018034
GB;1974;pall;;40716.92378636435
GB;1975;pall;;38397.67588323427
GB;1976;pall;;35448.00950024858
GB;1977;pall;;32603.28982214289
GB;1978;pall;;36705.98126816384
GB;1979;pall;;40545.80823635135
GB;1980;pall;;43044.87587974251
GB;1981;pall;;39110.69503213206
GB;1982;pall;;42357.48589065066
GB;1983;pall;;47322.95234956734
GB;1984;pall;;53513.77629424062
GB;1985;pall;;53661.9517444044
GB;1986;pall;;57141.79000717625
GB;1987;pall;;68332.98938241212
GB;1988;pall;;78302.29594266375
GB;1989;pall;;81656.85465087477
GB;1990;pall;;76734.63989535265
GB;1992;pall;;70653.17773115379
GB;1993;pall;;70692.72547542014
GB;1994;pall;;71498.24171671963
GB;1995;pall;;72475.23457403711
GB;1996;pall;;71638.79782944621
GB;1997;pall;;73512.55053874257
GB;1999;pall;;86934.08465994535
GB;2000;pall;;92848.86216434771
GB;2001;pall;;106203.9922307359
GB;2002;pall;;109931.1973287401
GB;2003;pall;;115943.4044468967
GB;2005;pall;;123254.099804623
GB;2006;pall;;125713.7793979093
GB;2008;pall;;110464.3993674119
GB;2009;pall;;116689.8469992863
GB;2010;pall;;119196.7426056906
GB;2012;pall;;118429.2958956597
